text,sentiment,eof,responsiveness,accuracy,
"মোহাম্মদপুর টাউন হল সাদেক খান কৃষি মার্কেটে অভিযান চালান, ওরা ওজন কম দেয়, মিষ্টি কথা দিয়ে বোঝানোর লাভ নেই",negative,n/a,n/a,low,
"ম্যাডাম আপনি শিক্ষা দিতে আসছেন না অভিযানে আসছেন, এত সময় অপচয় করলে দেশ লুট হয়ে যাবে",negative,low,slow,n/a,
"ভণ্ডামি অভিযান বাদ দিয়ে সঠিকভাবে অভিযোগ করুন, কঠোরভাবে করুন",negative,low,n/a,n/a,
"সবাই স্বার্থের জন্য ক্ষমতায় বসে আছে এবং টিকে থাকবে কারণ জনগণ অসহায় এবং অনাহারে মরবে, বাংলাদেশে দুর্ভিক্ষ চলছে, দেশটাকে ধ্বংস করার জন্য এক দুইটা লোকই যথেষ্ট",negative,n/a,n/a,n/a,
"আপনারা কৃষক এবং ভোক্তার মাঝখানে ব্যবসা করা চাঁদাবাজ এবং লাইসেন্সবিহীন সিন্ডিকেট ব্যবসায়ীদের না ধরে সহজ রাস্তা মাপছেন আর খুচরা ব্যবসায়ী ধরছেন, কেন মাঝের দালালদের ধরতে পারেন না, সিন্ডিকেট কি সরকারের চেয়ে শক্তিশালী",negative,n/a,n/a,n/a,
এত সস্তা কথা আর সামান্য কিছু টাকা জরিমানা করে এদের নিয়ন্ত্রণ করা কিছুতেই সম্ভব হবে বলে মনে হয় না,negative,n/a,n/a,n/a,
কারণ বাজারে জানানো উচিত এবং বাজারের মূল্য তালিকা দেওয়া উচিত,neutral,n/a,n/a,low,
"কোনো লাভ নেই, এই দোকানদারের কাছে না গিয়ে কৃষকের কাছে যেতে পারেন, কেন একটা আইন, কৃষক বিশ টাকায় বিক্রি করার পর সেটা দোকানদারের কাছে এসে আশি থেকে একশ টাকা হয়, এই প্রশ্নের উত্তর খুঁজুন, অযথা দোকানদারের কাছে গিয়ে কোনো লাভ নেই",negative,n/a,n/a,low,
"ভোক্তা অধিদপ্তরের কাছে আমার একটা প্রশ্ন, এক লিটার সয়াবিন তেল ঢাকায় কিনলে যত টাকা লাগে, টেকনাফে বা তেতুলিয়ায় কিনলে একই টাকা লাগে, এখানে খুচরা মূল্য দেওয়া আছে, ঠিক একইভাবে ডিমের ক্ষেত্রে খুচরা মূল্য নির্ধারণ করলে দেশের জন্য মঙ্গল হবে বলে আমি মনে করি",neutral,n/a,n/a,low,
"ছোট ছোট ব্যবসা নয়, সকল ব্যবসায় এই নিয়মের আওতায় আনতে হবে, যেমন যারা বিদেশ থেকে পণ্য আমদানি করে তাদেরকে সবার আগে এই নিয়মের আওতায় আনতে হবে, কত টাকায় আমদানি করে কত টাকায় বিক্রি করে, এটা সবার আগে করতে হবে",neutral,n/a,n/a,n/a,
"ওদের জরিমানা করে লাভ নেই, দোকান বন্ধ করে জেলে পাঠানোর ব্যবস্থা নিন",negative,n/a,n/a,n/a,
"এদের মতো ব্যবসায়ীদের লাইসেন্স স্থায়ীভাবে বাতিলসহ জেলের ব্যবস্থা করতে হবে, এবং ঐ ব্যক্তি সংশ্লিষ্ট কেউ যাতে আর এই ব্যবসায় না করতে পারে সেই আইন না করলে খাদ্যে শৃঙ্খলা আসবে না, শৃঙ্খলা সত্যিই আসবে না",negative,n/a,n/a,n/a,
আপনাদের নাটক দেখতে আর ভালো লাগে না,negative,n/a,n/a,n/a,
"আড়তে মূল্য তালিকা দেখানোর জন্য বলেন, আপনারা রাতের বেলায় আড়তদারদের চেক করুন, দিনের বেলায় নয়",neutral,n/a,n/a,low,
"কেয়ামত পর্যন্ত দাম থাকবেই, এমনভাবে আর দাম কমবে না, জনগণ না খেয়ে মরবে, দেখার মতো কেউ নেই",negative,n/a,n/a,n/a,
"এভাবে প্রত্যেক বাজারে চেক করা দরকার, কারণ সিন্ডিকেট শিকড় গেড়ে বসেছে",neutral,n/a,n/a,n/a,
"কোনো রকম জরিমানা না করে হাজতে নেওয়া হোক, তাহলে সব ঠিক হয়ে যাবে",negative,n/a,n/a,n/a,
"এসব তদারকির কোনো দাম নেই, এদেরকে আইনের আওতায় আনতে হবে",negative,n/a,n/a,n/a,
"সেনাবাহিনী অভিযান করলে ভালো হবে, বাদাম দিলেও ঠিক হবে",neutral,n/a,n/a,n/a,
"সবজির বাজার অস্থির, দাম নিয়ন্ত্রণে আপনাদের সহযোগিতা চাই",negative,n/a,n/a,low,
"বাংলাদেশে এখন ক্রেতা থেকে বিক্রেতা বেশি, তাই পণ্যের দামও এত বেশি, ট্রেড লাইসেন্সের ব্যবস্থা করা হোক, তাহলে ব্যবসায়ী কমে যাবে, দাম আগের মতো কমে যাবে",neutral,n/a,n/a,n/a,
"আমাদের দেশ বাংলাদেশে মনে হচ্ছে এই বিক্রেতারা নতুন এসেছে, এরা আসলে এই দেশের নাগরিক কি না সন্দেহ আছে, নাগরিক হলে এবং ব্যবসা করতে হলে কিছু নিয়ম মেনে চলতে হয়, এগুলো রেডিও, টিভিতে ঘোষণা দিয়ে সময় বেঁধে দিন, নির্দিষ্ট সময় পরে কোনো কৈফিয়ত মানা হবে না, সোজা কারাগারে পাঠান, জরিমানা আদায় করা মানে আরও দুর্নীতির সুযোগ করে দেওয়া, কথা কম কাজ করতে বলেন",negative,n/a,n/a,n/a,
"আমাদের দেশের দুর্নীতিবাজ ঠিক হবে না, তাহলে সেনাবাহিনী দিয়ে বাদাম দিলে ঠিক হবে",negative,n/a,n/a,n/a,
"কোথায় কাকে জরিমানা করে বুঝি না, আমরা তো সুফল পাই না",negative,n/a,slow,n/a,
"দোকান এক মাসের জন্য বন্ধ করে দিন, তাহলেই ঠিক হয়ে যাবে",negative,n/a,n/a,n/a,
"জরিমানা করলে হবে না, সঙ্গে জেল দিতে হবে, অন্যথায় এই চক্রকে রোধ করা কঠিন হবে, আপনাদের প্রচেষ্টা ব্যর্থ হবে",negative,n/a,n/a,n/a,
"যেখানে কাজ করা দরকার সেখানে না করে, অকাজ করেন",negative,n/a,n/a,n/a,
"ক্রয় বা বিক্রয় রশিদ না থাকলে, বড় আকারে জরিমানা করেন, তাহলে বাজার স্থিতিশীল হবে",neutral,n/a,n/a,low,
"মেয়াদ ছাড়া পণ্য হলে জরিমানা করে দেবেন, সেটা আইনের বিধানেই আছে",neutral,n/a,n/a,low,
এই ভালোবাসার কথা বাদ দিন,negative,n/a,n/a,n/a,
ধন্যবাদ আপনাকে খুব সুন্দর পরামর্শ দেওয়ার জন্য,positive,n/a,n/a,n/a,
"কেন পঁচিশ টাকা, পেঁয়াজের দাম যেখানে নির্ধারিত ছিল নব্বই থেকে একশ টাকা, সেখানে পঁচিশ টাকা কেন",negative,n/a,n/a,low,
"ভালোবাসা দিলে যেমন ভালোবাসা পাওয়া যায়, পেজে অনুসরণ করলে সাথে সাথে অনুসরণ ফিরত পাওয়া যায়",positive,n/a,n/a,n/a,
"মিরপুর দিয়ে বাড়ি আসেন না কেন, আপনারা এখানেও আসেন",neutral,n/a,n/a,n/a,
কোনো ফলাফল নেই,negative,n/a,slow,n/a,
চালিয়ে যান,positive,n/a,n/a,n/a,
"অনেক সুন্দর কাজ, এগিয়ে যান",positive,n/a,n/a,n/a,
সি,neutral,n/a,n/a,n/a,
"সিন্ডিকেটের কাছে কি রাষ্ট্র হেরে যাবে, রাষ্ট্রের উপদেষ্টাদের দ্বারা সিন্ডিকেট নির্মূল করা সম্ভব নয়, আমজনতাকে মাঠে নামতে হবে, যেখানে সিন্ডিকেটধারী পাওয়া যাবে সেখানেই ওদের ধরে গাছে বেঁধে সারাদিন ওই পণ্য ওদের খাওয়াতে হবে, মুখ বুজে সহ্য করলে এদেশে ফেরাউন ব্যবসা শুরু হবে, তাই সবাইকে শক্ত প্রতিরোধ গড়তে হবে, অতি দ্রুত সিন্ডিকেট নির্মূল করুন, জরিমানা নয় কারাদণ্ডে দণ্ডিত করুন, বৈষম্য বিরোধী ছাত্র আন্দোলনের ছাত্র-জনতার দ্রুত উন্নত চিকিৎসার ব্যবস্থা করুন, ব্যক্তি পূজায় লিপ্ত না হয়ে, অন্যায়কে অন্যায় এবং ন্যায়কে ন্যায় বলার সৎ সাহস থাকতে হবে, আল্লাহ তায়ালা ছাড় দেন কিন্তু ছে�ড়ে দেন না, দেশ স্বাধীন হওয়ার আগের মন্তব্য আর এখনো একই দাবি, বাসের যাত্রীরা দশজনের বেশি দাঁড়িয়ে যেতে পারবে না, বাসের সংস্কার চাই এটাই দাবি, রাষ্ট্রের সংস্কার চাই, মৃত্যু আর আত্মহত্যা যদি জায়েজ হতো তাহলে প্রত্যেক ঘরে থেকেই লাশের গন্ধ ভেসে আসতো, ছোট্ট একটা দেশে আল্লাহর এত রহমত থাকা সত্ত্বেও সিন্ডিকেট, দুর্নীতি, বাজারের উর্ধ্বগতি, দেশে গ্যাসের খনি থাকলেও উচ্চ মূল্যে গ্যাস কেনা, দেশের টাকা দেশে নেই, আছে বিদেশি সুইস ব্যাংকে আর বেগম পাড়ায়, স্বাধীন রাষ্ট্রে আমরা এক প্রকার জিম্মি, ধিক্কার জানাই এই রাষ্ট্র ব্যবস্থাকে যেখানে শ্রমের কোনো মূল্য নেই, যেখানে সাধারণ জনগণের দুঃখ-দুর্দশা, দুর্ভোগ ছাড়া আর কিছুই নেই, ধিক্কার জানাই অসাধু, লোভী ব্যবসায়ীদের, হে আল্লাহ আপনার কাছে বিচার দিলাম, পৃথিবীর সকল ভালো মনের মানুষগুলো সর্বদা ভালো থাকুক, আর বাকি মানুষগুলোর মনে আল্লাহ তায়ালা সঠিক বুঝ দান করুন, মানুষের প্রতি মানুষের ভালোবাসা বাড়ুক, একে অপরকে মানুষ সম্মান ও শ্রদ্ধা করতে জানুক, কাউকে ছোট করতে নয়, হাডুডু বাংলাদেশের জাতীয় খেলা, তাই সৎভাবে ভালো কাজ করে এগিয়ে গেলেও পা ধরে টানাটানি করে নিচে নামিয়ে দেওয়া এদেশের মানুষের অভ্যাস, ফরমালিন যুক্ত সময়ের আগে অপরিপক্ক ফল-মূল থেকে বিরত থাকুন, ফরমালিন মুক্ত বাংলাদেশ গড়ুন, পাপ বাবকেও ছাড়বে না, কর্মের ফল ভোগ করতে হবে, ভেজাল মুক্ত দেশ গড়ি, পৃথিবীতে বেঁচে থাকা এবং মৃত্যুর মাঝে ভালো কাজ করি, কল্যাণমূলক কাজ করি, একে অপরকে সহযোগিতা করি, এর দ্বারা মনকে প্রশান্ত করি, আমাদের দেশকে আমরাই রক্ষা করব ইনশাআল্লাহ, প্রত্যেক মুসলিম উম্মাহদের প্রতি অসুস্থ অপমান লাঞ্ছনা বৃথা হতে দেব না, ইনশাআল্লাহ, দেশীয় পণ্য কিনে ধন্য হই, দেশের টাকা দেশে রেখে দেশকে সমৃদ্ধ করি, পণ্যের মান বজায় রেখে স্বাস্থ্য সুরক্ষা ও দেশের সুনাম ছড়িয়ে পড়ুক, কট্টরপন্থীদের বয়কট, বর্বর ইসরাইলের পণ্য বয়কট, ভারতীয় পণ্য বয়কট, সকল শিক্ষা প্রতিষ্ঠান থেকে ছাত্র রাজনীতি চিরতরে নিষিদ্ধ করার দাবি জানাই, সোনার টুকরো ছেলে-মেয়েরা মায়ের বুকে বেড়ে উঠুক, সন্তান হারানোর যন্ত্রণা থেকে রেহাই পাক মা-বাবা, সুশিক্ষায় শিক্ষিত হোক, দেশ ও জাতির কল্যাণ বয়ে আনুক, সাধারণ মানুষদের জিম্মি করে ফেলেছে, এখানে প্রশাসন ঘুমিয়ে আছে, ধর্ষকের বিচার চাই, ধর্ষকের মৃত্যুদণ্ড চাই, গাছ লাগান পরিবেশ বাঁচান, বেকারত্বের মতো বিভীষিকাময় দুর্ভিষহ যন্ত্রণা থেকে মুক্তি পাক প্রতিটা ঘরে, আত্মনির্ভরশীল হোক প্রিয় মাতৃভূমির মানুষগুলো",negative,n/a,slow,low,
"এই শয়তানগুলোকে পিটাতে হবে, মুখে হবে না",negative,n/a,n/a,n/a,
"বাংলাদেশের এক নম্বর কমেডি অধিদপ্তর হচ্ছে এই ভোক্তা অধিদপ্তর, মূল জায়গায় হাত না দিয়ে অলিগলির দোকানে চেকিংয়ের নামে জনগণের সাথে তামাশা শুরু করেছে, টিকটক অধিদপ্তর বললেও ভুল হবে না, পেজের ভিডিও, ধমক, জনগণের সাথে কমেডি এই হচ্ছে এদের কাজ, একমাত্র শাহরিয়ার ও সরোয়ার স্যারই এই অধিদপ্তরের বাঘ ছিলেন, এই অধিদপ্তরের সবাইকে দ্রুত অব্যাহতি দিয়ে সক্রিয় কাউকে নিয়োগ দেওয়া হোক",negative,low,slow,n/a,
"লোক দেখানো এসব করে কী লাভ, রসিদ দেখালে কি দাম কমে যায়, কাঁচা মরিচ কি আমদানি হচ্ছে, শাক সবজি কি আমদানি হচ্ছে, এখন এগুলোর দাম কে বাড়াচ্ছে, সিন্ডিকেট এখন কে করে, এসবের কোনো উত্তর নেই কারণ চোরে চোরে মাসতুতো ভাই, সাধারণ মানুষ এখন অসাধারণ হয়ে যাচ্ছে না খেয়ে খেয়ে",negative,n/a,slow,low,
"ব্রাহ্মণবাড়িয়া, আখাউড়া আসুন, এখানের সব দোকানদার বড় মাপের বাটপার",negative,n/a,n/a,low,
"আমাদের ট্যাক্সের টাকা কৃষক শেয়ারে ভর্তুকি পায়, আবার আমাদের থেকে জুলুম করে সবজির মূল্য নিয়ে গলা কাটে, তাদের কে কিছু বলা যাবে না",negative,n/a,n/a,low,
"এখন আর নিজের বিবেক বলতে কিছু নেই, আর মানুষের ভিতরে সত্য জিনিসটা নেই, টিকিট সমস্যা",negative,n/a,n/a,n/a,
"আপনারা যে নরম কথা বলেন, এই নরম কথায় চিঁড়ে ভিজবে না",negative,n/a,n/a,n/a,
"ম্যাডাম মুখে পদ্ম মধু নিয়ে কথা বলেন, না হয় ব্যবসায়ীরা কষ্ট পেতে পারে",negative,n/a,n/a,n/a,
এরকম রসের কথায় মাল জিনিসের দাম কখনো কমবে না,negative,n/a,n/a,n/a,
"যা মাত্র দিয়া কিলা হুনতো, কীতার মনিটরিং করো, জরিমানা দিলে কীতা হয়",negative,n/a,n/a,n/a,
চোর তো চুরি করতে পারবে না ম্যাম,negative,n/a,n/a,n/a,
"গ্রামে অভিযান চালান, দয়া করে",neutral,n/a,n/a,n/a,
"এইটা নিয়মিত করতে হবে, একদিন তদারকি করে হারিয়ে গেলে কিছুই হবে না",neutral,n/a,slow,n/a,
"বারাইয়ারহাট করের হাট বাজারে নিত্যপ্রয়োজনীয় দ্রব্যের সকল পণ্যের মূল্য কসাইয়ের মতো নেওয়া হয়, প্রতিবাদ করলে ভোক্তাদের সাথে মাত্রাতিরিক্ত খারাপ ব্যবহার করা হয়, আপনারা লোক দেখানো কাজ না করে সাধারণ মানুষের কাতারে এসে কাজ করুন, দেশকে সংস্কার করুন",negative,n/a,n/a,low,
দশ টাকা কেজি পেঁপে বদল হয়ে যায় চল্লিশ টাকা,negative,n/a,n/a,low,
সকল থানায় বা বাজারে এমন অভিযান চলুক,neutral,n/a,n/a,n/a,
"আজকে খবরে দেখলাম সিন্ডিকেটকারীদের বিরুদ্ধে বিশেষ ক্ষমতা আইন প্রয়োগ করা হবে, এতদিনে সরকারের ঘুম ভেঙেছে, আসলে এই দেশের ব্যবসায়ীরা অমানুষ হয়ে গেছে, এদের বিরুদ্ধে কঠোর আইনে ব্যবস্থা নেওয়া ছাড়া কোনো উপায় নেই",negative,n/a,n/a,n/a,
সবজির বিক্রয় রশিদ চালু করতে হলে আগে এই দেশটাকে ব্রিটেন বা ফ্রান্স বানাতে হবে,negative,low,n/a,n/a,
"আপু আপনি কাকে উপদেশ দিচ্ছেন, শিয়ালের কাছে মুরগি দিয়ে খাওয়ার নিয়ম বলে চলে গেলেন, ফিরে এসে মুরগির কী অবস্থা হবে",negative,low,n/a,n/a,
"শুধু ফেসবুকে নিত্যপণ্যের দাম বেড়েছে বলে চিৎকার না করে মাঠে গিয়ে আবাদ করুন, তখন বুঝবেন ঠেলা",negative,n/a,n/a,n/a,
"এসব রসের আলাপে তারা গত পনেরো বছরেও ঠিক হয়নি, ওদের এমন জরিমানা করতে হবে যেন ছয় মাসেও লাভের মুখ না দেখে",negative,n/a,n/a,n/a,
এগুলো ফেসবুকেই,negative,n/a,n/a,n/a,
"আমাদেরকে শাক সবজি না খাইয়ে বিষ দেন, আমরা খেয়ে মরে যাই",negative,n/a,n/a,low,
আমার,neutral,n/a,n/a,n/a,
ভোক্তা অধিদপ্তরের লোক কি সব জায়গায় মনিটরিং করে,neutral,n/a,n/a,n/a,
"সব সিন্ডিকেট ভেঙে দিতে হবে এবং জেলে পাঠাতে হবে, জরিমানার নাটক আর দেখতে ভালো লাগে না",negative,n/a,n/a,n/a,
"ভোক্তা অধিকার আইন দিয়েই বাজার নিয়ন্ত্রণ সম্ভব, দরকার আরো লোকবল এবং কেনাকাটার নথি প্রদান বিষয়ে সরকারি একটি নির্দেশ, বাজার তখন জনগণই ঠিক করে ফেলবে",neutral,n/a,n/a,n/a,
"কেন করেন না, আর কত বলবেন, আইনের সঠিক প্রয়োগ করুন, না হলে জনগণের রক্ত আর থাকবে না",negative,n/a,n/a,n/a,
"কোনো সরকার এই দেশের কিছু মানুষকে ঠিক করতে পারবে না, ওরা দুর্নীতি করবেই, ওরা নিজের স্বার্থের জন্য যেকোনো কিছু করতে পারবে, কী একটা অবস্থা, যার যেটা ইচ্ছা সেটাই করছে",negative,n/a,n/a,n/a,
ম্যাডাম এত কিছু সময় নেই,negative,n/a,slow,n/a,
ক্রয়মূল্য যে সঠিকটা লিখছে সেটা বুঝার উপায় কী,neutral,n/a,n/a,low,
"সবজির উৎপাদন খরচ কেমন জানেন, সকল কিছুর ওপর নজর দেন, হুজুগে মাতাল এই সব নাটক থেকে বের হন",negative,n/a,n/a,n/a,
বাঙালি কখনো ভালো ব্যবহারে সোজা হয় না,negative,n/a,n/a,n/a,
"ব্যবসায়ীদের গ্রেপ্তার না করা পর্যন্ত এরা সোজা হবে না, সর্বনিম্ন দশ বছরের জেল দিতে হবে",negative,n/a,n/a,n/a,
এভাবে কি দাম কমানো সম্ভব,negative,n/a,n/a,n/a,
"আপনারা এই দেশের আবর্জনা ছাড়া আর কিছুই নন, কোনো কাজের না",negative,n/a,n/a,n/a,
"সিন্ডিকেটকারীরা কি জনগণ ও আপনাদের থেকেও শক্তিশালী, এদের পরিচয় প্রকাশ করুন, এদের চিহ্নিত করে এদের বাড়িঘর দোকানপাট পুড়িয়ে দিন, এদের নিঃস্ব, ফতুর ও নেংড়া করে দিন, যাতে আমাদের মতো সাধারণ মানুষের কষ্ট বুঝে",negative,n/a,n/a,n/a,
"যতদিন পর্যন্ত জনগণের সামনে কঠোর লাঞ্ছিত শাস্তির ব্যবস্থা করবেন না, ততদিন পর্যন্ত সিন্ডিকেট সামলানো সম্ভব না",negative,n/a,n/a,n/a,
"এদিকে চাঁদা, ওদিকে চাঁদা, তার ওপরে ভোক্তা অধিকারের জরিমানা, সব মিলিয়ে দ্রব্যমূল্যের দাম বেড়েই যাচ্ছে, কঠোর থেকে আরো কঠোরতা অবলম্বন করতে হবে, এই সব পাঁচ-দশ হাজার টাকা জরিমানা করে দ্রব্যমূল্যের দাম কমবে না",negative,n/a,n/a,n/a,
স্থানীয়দের সংশ্লিষ্টতায় নাগরিক কমিটি করুন,neutral,n/a,n/a,n/a,
ইলিশ,neutral,n/a,n/a,n/a,
,neutral,n/a,n/a,n/a,
,neutral,n/a,n/a,n/a,
,neutral,n/a,n/a,n/a,
,neutral,n/a,n/a,n/a,
,neutral,n/a,n/a,n/a,
"তোমাদের নাটক দেখতে আর ভালো লাগে না, বাজে",negative,n/a,n/a,n/a,
"আপু, যে মিষ্টি করে বলছেন, এতো জামাই আদর, সবজি কি আমেরিকা, রাশিয়া, কাতার, ভারত থেকে আসে, মানুষের উপরি কামাই নেই, কঠিন পদক্ষেপ নিতে হবে এখনই",negative,n/a,n/a,n/a,
"আপনাদের এই নাটক আর কতদিন, আজকে মরিচের দাম ছয়শ টাকা, চোরগুলো ধরেন",negative,n/a,n/a,low,
,positive,n/a,n/a,n/a,
খিলগাঁও মাদারটেক বাজারে আজকেও ডিম একশ আশি টাকা ডজন,negative,n/a,n/a,low,
এটা কি আপনাদের পেজ,neutral,n/a,n/a,n/a,
"জাতীয় ভোক্তা-অধিকার সংরক্ষণ অধিদপ্তর, সরকার নির্ধারিত দাম বেশি রাখলে ভোক্তা অধিকার থেকে লোক এসে জরিমানা করবে আর জরিমানার বিশ শতাংশ ভোক্তাকে দেওয়া হবে, এই আইন এখনো কার্যকর আছে কি না",neutral,n/a,n/a,n/a,
"ভোক্তা হিসেবে এবার শুধুমাত্র ডিম খাওয়া দরকার, অন্য জিনিসপত্র খাওয়া বা ব্যবহার করা দরকার নেই, শুধু ডিমের ছবি ভাইরাল হলো",negative,n/a,n/a,n/a,
দুই লাখ পিস ডিম প্রতি সপ্তাহে প্রতি ওয়ার্ডে দেওয়া দরকার,neutral,n/a,n/a,n/a,
"অভিনন্দন বাংলাদেশ, তবে যে যাই বলুন না কেন, ডিমের মূল্য বৃদ্ধি করাই হলো সকলের মূল লক্ষ্য এবং তা বাস্তবায়ন হয়ে গেল, আমি/আমরা নিজ নিজ অবস্থান থেকে বৈষম্যমূলক আচরণ ও প্রতিহিংসাপরায়ণতা থেকে মুক্ত হয়ে পরস্পর সম্মান ও সহনশীলতার মানসিকতা এবং সচেতন হলে অনেক কিছু করা সম্ভব",negative,n/a,n/a,low,
ডিমে তারিখ দেখতে চাই,neutral,n/a,n/a,n/a,
"নন্দীপাড়ায় দুটি পাইকারি ডিমের দোকান আছে, আজ উনারা এক ডজন ডিমের দাম নিচ্ছে একশ ষাট টাকা",negative,n/a,n/a,low,
"এগুলো সব নাটক মনে করি আমি, কারণ আমি নিজে তেজগাঁও বাজারে গতকাল গিয়েছি পাইকারি দামে ডিম কেনার জন্য যে আমার এলাকায় ন্যায্য দামে ডিম দেবো, কিন্তু কেউ দেয়নি, সবাই বলে ডিম নেই",negative,n/a,n/a,low,
মগবাজার চারুলতা মার্কেটে এখনো আগের মতোই বেশি দাম,negative,n/a,n/a,low,
"অনলাইন শপ চালডাল ডটকম থেকে ডিমের দামের সাথে প্রতারণা করে বাড়তি চব্বিশ টাকা চার্জ নেওয়া হচ্ছে, এটা আপনাদের নজরে আনেন",negative,n/a,n/a,low,
"গেন্ডারিয়া বাজারে একশ সত্তর টাকা ডজন আজকেও কিনতে হলো, আপনাদের কথা ও কাজের সুফল সব জায়গায় দেখতে চাই",negative,n/a,slow,low,
"এতে উৎপাদকরাও ভালো টাকা পাবে, জনগণেরও মুক্তি মিলবে সিন্ডিকেট থেকে, অসাধু ব্যবসায়ীদের এইভাবে সর্বশান্ত করতে হবে",neutral,n/a,n/a,n/a,
"এইমাত্র ডিমের দাম কমে গেলো, ডিম মানুষের হাতের নাগালে চলে এলো, লাইট-ক্যামেরা-অ্যাকশন বলতে বলতে",positive,n/a,fast,n/a,
"ঢাকার দক্ষিণ কেরানীগঞ্জের বসুন্ধারা রিভারভিউ প্রজেক্ট রোড হাসনাবাদ বাজারে আসার অনুরোধ রইলো, আমি আজকে এই বাজার থেকে ডিম কিনেছি একশ ষাট টাকা ডজন, সরকার নির্ধারিত মূল্য একশ পঁয়তাল্লিশ টাকায় কেউ ডিম বিক্রি করছে না",negative,n/a,n/a,low,
এসব কাজ হবে না,negative,n/a,n/a,n/a,
"জরিমানা করলে হবে না, সঙ্গে জেল দিতে হবে, অন্যথায় এই চক্রকে রোধ করা কঠিন হবে, আপনাদের প্রচেষ্টা ব্যর্থ হবে",negative,n/a,n/a,n/a,
,neutral,n/a,n/a,n/a,
"আলহামদুলিল্লাহ, সাধারণ মানুষের অনেক উপকার হলো উক্ত উদ্যোগের ফলে",positive,n/a,fast,n/a,
এই দিকে চালের বাজার গরম,negative,n/a,n/a,low,
"পটুয়াখালী শহরে কোনো দোকানে সরকারের বেঁধে দেওয়া দামে ডিম বিক্রি হচ্ছে না, পঁচান্ন থেকে ষাট টাকা হালি ডিম বিক্রি হচ্ছে, পটুয়াখালী শহরে কি কোনো অভিযান হয় না",negative,n/a,n/a,low,
ফাউলগিরি বাদ দেন,negative,n/a,n/a,n/a,
টাংগাইলে আপডেট চাই,neutral,n/a,n/a,n/a,
ভালোবাসা আমার তরফ থেকে,positive,n/a,n/a,n/a,
চট্টগ্রামে মনিটরিং করুন,neutral,n/a,n/a,n/a,
বরগুনায় একটু দেখেন,neutral,n/a,n/a,n/a,
,neutral,n/a,n/a,n/a,
"ভোক্তা অধিদপ্তরের কর্মকর্তাদের প্রতি শ্রদ্ধা এবং ভালোবাসা রেখে বলছি যে বর্তমানে চট্টগ্রাম এলাকায় এখনো বহু পাইকাররা ডিম ডজন একশ ষাট টাকা করে বিক্রি করে, আমরা ভোক্তারা কি তাদের বিরুদ্ধে কোনো অভিযোগ করতে পারব কি না, সে বিষয়ে যদি স্পষ্ট কোনো বক্তব্য থাকে আপনাদের, তাহলে দয়া করে একটু ভিডিওর মধ্যে জানাবেন, অনেক পাইকার এবং দোকানদারদেরকে সরকারি নির্ধারিত দামের কথা বললে তারা রাগান্বিত হয় এবং মারধর করতে আসে এবং অশোভন ভাষায় গালিগালাজ করে, আর তাদের এক কথায় বলে যে আমরা বেশি দামে কিনি বেশি দামে বিক্রি করি, তাদের এই অনাকাঙ্ক্ষিত ব্যবহারের কারণে আমরা ভোক্তারা কিছু বলার সাহস পাই না",negative,low,n/a,low,
উৎপাদন কীভাবে কমানো যায় সেই উদ্যোগ নিন,neutral,n/a,n/a,n/a,
"এরকম অভিযান করে কোনো লাভ হয় না, কঠিন শাস্তি না হলে কেয়ামত পর্যন্ত এভাবেই চলতে থাকবে",negative,n/a,n/a,n/a,
"এসব লোক দেখানো কাজ কোনো ভালো ফল বয়ে আনবে না, জরিমানা করে লাভ নেই, এরা পরে সুদে আসলে লাভ তুলে নেয়",negative,n/a,n/a,n/a,
"সরাসরি জেল, কথায় এদের মন গলবে না",negative,n/a,n/a,n/a,
"অভিযানে সীমাবদ্ধ, বাজারে এর কোনো প্রভাবই নেই, সব সময়ের সবচেয়ে সস্তা তরকারি পেঁপে কিনলাম আশি টাকা কেজি",negative,n/a,slow,low,
"নিত্যপ্রয়োজনীয় দ্রব্যমূল্য বৃদ্ধি নিয়ন্ত্রণ করতে সরকার নিজেই কৃষক বাজার নামে নতুন পদক্ষেপ গ্রহণ করতে পারে, যেখানে সপ্তাহে দুইদিন যেকোনো একটি বড় মাঠে প্রান্তিক কৃষকরা সরাসরি ভোক্তার নিকট নিত্যদ্রব্য বিক্রি করবে, তাহলে ন্যায্য দামে নিত্যদ্রব্য বিক্রি হবে এবং সিন্ডিকেটও ভাঙবে",neutral,n/a,n/a,n/a,
"অভিযান শুধু ঢাকায় কেন, জেলার কর্মকর্তারা কি ঘুমায়",negative,low,n/a,n/a,
"এত এত অভিযান চলছে তারপরও কোনো জিনিসের দাম কমে না, আমি অসন্তুষ্ট ভোক্তা অধিকার অধিদপ্তরের অভিযানে, এই অভিযানগুলো কি সাধারণ জনগণকে দেখানোর জন্য",negative,n/a,slow,n/a,
"দুইশ ষাট টাকা আপনাদের দেখে বলছে ওনারা, বাস্তবে জনগণ থেকে দাম রাখছে চারশ টাকা করে",negative,n/a,n/a,low,
"ভোক্তাদের উপকারের জন্য ভোক্তা অধিদপ্তর, বাজারে এদের কোনো প্রভাবই নেই, লোক দেখানো ভিডিও করে, যদিও প্রথম দিকে ভিডিওগুলো ভালো লাগতো, এখন বিরক্ত লাগে",negative,low,slow,n/a,
স্বপ্নে আজ মরিচের দাম,negative,n/a,n/a,low,
"কোনো লাভ হচ্ছে না, সবার ব্যবসা বন্ধ করে দিতে হবে",negative,n/a,n/a,n/a,
"পাইকারি বাজার নিয়ন্ত্রণ কর্তৃপক্ষের সাথে কথা বলে এই পণ্যগুলোর দাম বেঁধে দেওয়া নির্দেশ দিলে, জনগণ একটু স্বস্তি পাবে",neutral,n/a,n/a,n/a,
"এত বড় বাজারে সামান্য কয়েকজন মানুষ নিয়ে আপনারা বাজার নিয়ন্ত্রণ করে ফেলবেন, মানুষকে আর কত বোকা বানাবেন, সবজি নিয়ে পড়ে আছেন, এদিকে চালের বাজার অস্থির, পঁচিশ কেজি বস্তায় একশ থেকে একশ পঞ্চাশ টাকা বৃদ্ধি পেয়েছে, মাছের বাজার অস্থির, পেঁয়াজ রসুনের বাজার অস্থির, আল্লাহই বলতে পারবে বাজার স্থির হবে কখন, বাজার তদারকির সময় বলছেন ট্রেড লাইসেন্স কোথায়, মাইকিং করে আগেই লাইসেন্স বাধ্যতামূলক বিধি চালু করেন এবং সংশ্লিষ্ট কর্তৃপক্ষকে অফিসে না বসে প্রতিষ্ঠানে বা বাজারে তৎপর হতে বলুন, এছাড়া কর্তৃপক্ষ বা কিছু কর্মচারী-কর্মকর্তাকে শোকজ করেন, আপনারা ব্যর্থতা স্বীকার করে সেনাবাহিনীকে সঙ্গে নিয়ে বাজার পরিচালনা করুন",negative,n/a,slow,low,
"রাজবাড়ী জেলা খানখানাপুরে আমাদের এদিকে কাঁচামরিচের দাম পাঁচশ টাকা কেজি, এর বিচার চাই",negative,n/a,n/a,low,
"ম্যাডাম, কামারপাড়া, টঙ্গী, এই আড়তের দিকে একটু নজর দেন, এখানে আজকে কাঁচামরিচ কেজি পাইকারি তিনশ পঞ্চাশ টাকা করে, আজকেও বাধ্য হয়ে কিনতে হয়েছে, কারণ এখানে কোনো সরকারি তদারকি নেই",negative,n/a,n/a,low,
"পাইকারের কী হয়েছে, ছোট ছোট দোকানে গিয়ে মানুষের চোখে ধুলো দেওয়া",negative,n/a,n/a,n/a,
এরকম ব্যবসায়ীদের বড় ধরনের আর্থিক ক্ষতিপূরণ দিতে হবে,negative,n/a,n/a,n/a,
"দোকানের সামনে পণ্যের মূল্যতালিকা টাঙানো বাধ্যতামূলক করেন, রশিদ ছাড়া ক্রয়-বিক্রয় করলে শাস্তির বিধান করেন, আড়তদার থেকে খুচরা ব্যবসায়ী পর্যন্ত সবার বেচাকেনায় রশিদ বাধ্যতামূলক করেন",neutral,n/a,n/a,n/a,
"জাতীয় ভোক্তা-অধিকার সংরক্ষণ অধিদপ্তর, সেনাবাহিনীর পাঁচজন সদস্য করে কয়েকটা টিম করা হোক, একেকটা টিম প্রতিটা পয়েন্টে একযোগে উপস্থিত হোক, যেমন, কৃষক কত টাকায় কার হাতে বিক্রি করলো, সেখান থেকে ট্রাকে কত টাকায় লোড হলো, ট্রাক থেকে নামলো কত রেটে, আড়তে পৌঁছাল কত রেটে, খুচরা ব্যবসায়ীরা কিনলো কত করে, খুচরা বিক্রি হচ্ছে কত করে, প্রতিটা পয়েন্টে ভিডিও করা হোক প্রতিটা সবজির, তারপর জাতির সামনে ওপেন ভিডিওগুলো পোস্ট করা হোক, দেখা যাক কোথাকার পানি কোথায় দাঁড়ায়, এক সপ্তাহে সব ত্রিশ-চল্লিশের ঘরে নেমে যাবে ইনশাআল্লাহ, বাণিজ্য উপদেষ্টা হিসেবে তাৎক্ষণিকভাবে ব্রিগেডিয়ার শাখাওয়াতকে নিয়োগ দেওয়া হোক, সব লাইনে চলে আসবে ইনশাআল্লাহ",neutral,n/a,n/a,n/a,
"ম্যাডাম, যতক্ষণ আপনারা থাকেন ততক্ষণ দাম কম, আপনারা চলে গেলে তখনই দাম বাড়তি",negative,n/a,slow,n/a,
পাবনায় চারশ টাকা কেজি কাঁচামরিচ,negative,n/a,n/a,low,
জেল দিন,negative,n/a,n/a,n/a,
"কৃষকের কাছ থেকে সরাসরি দেশের বিভিন্ন ছোট-বড় বাজারে সরকারকে সরবরাহের ব্যবস্থা করে দিতে হবে, তা না হলে এদের থামানো সম্ভব না, মানুষের মনুষ্যত্ব বলে আর কিছু নেই এখন, মানে এদেরকে থামানোর একটাই সমাধান, কৃষক থেকে দাম নির্ধারণ করে সরাসরি বিক্রেতার কাছে পৌঁছাতে হবে সরকার নির্ধারিত প্রতিনিধিদের সরবরাহকারী হিসাবে, বাজারদর অ্যাপটি খুবই কার্যকরী হবে, কৃষক থেকে সকল সবজির দাম জেনে এই অ্যাপে নিয়মিত তালিকা করে দেওয়া থাকবে আর তা ভোক্তারা দেখে বাজার করতে পারবেন খুচরা বিক্রেতার কাছ থেকে, বাজারদর অ্যাপের ডেভেলপারের সাথে উপদেষ্টাদের দ্রুত কথা বলা উচিত",neutral,n/a,n/a,n/a,
"ছোট ব্যবসায়ীরা সবচেয়ে বেশি দাম রাখে, আর এদের কাছেই সাধারণ জনগণ বেশি কেনাকাটা করে, প্রতি এলাকায় মনিটরিং করা উচিত, পাইকারি দামও থাকবে, বেচা দামও থাকবে, কেউ যেন লুকাতে না পারে, এবার সে ছোট ব্যবসায়ী হোক বা বড়, যারাই এই নিয়ম ভাঙবে তাদের ব্যবসা বন্ধ করে দেওয়া হোক, যেভাবে সোনার ব্যবসা নিয়ন্ত্রণ হয়, ঠিক সেভাবেই হবে, তাহলে হয়তো সব ঠিক হয়ে যাবে",neutral,n/a,n/a,n/a,
এদেরকে একটু বড় আকারের জরিমানা করা উচিত,negative,n/a,n/a,n/a,
"বাজার কমিটির সভাপতি যে তাকে কিছুই বলার ছিল না, তাদের মাধ্যমেই তো বাজার পরিচালনা হয়",negative,n/a,n/a,n/a,
"আসসালামু আলাইকুম, আমি কেরানীগঞ্জের মনুবাপারির ঢালে থাকি, এখানে একটি ছোট বাজার আছে, কিন্তু প্রতিটি নিত্যপ্রয়োজনীয় পণ্যের দাম খুব বেশি, যেমন ডিম পনেরো টাকা পিস, আলু ষাট টাকা কেজি, বেগুন একশ ষাট টাকা কেজি, পটল একশ টাকা কেজি, কচু একশ টাকা কেজি, বরবটি একশ ষাট টাকা কেজি, লাউ একশ বিশ টাকা পিস, ধনিয়া পাতা পাঁচশ টাকা কেজি, পুঁইশাক পঞ্চাশ থেকে ষাট টাকা আঁটি, প্রতিটি মাছের দামও অনেক চড়া, এদের কোনো মূল্য তালিকা থাকে না, আরও দুটি বাজার আছে, জিনজিরা বাজার এবং আগানগর বাজার, এদেরও কোনো মূল্য তালিকা নেই, এরা রীতিমতো ডাকাতি করে, আমরা এখানে খুব খারাপ সময় পার করছি, দয়া করে এখানে এসে একটু মনিটরিং করুন, আপনারা এলে আমি অবশ্যই আপনাদের সাথে থাকব, শুক্রবারে সবচেয়ে বেশি দামে বিক্রি করে",negative,low,n/a,low,
"বাংলাদেশের প্রত্যেকটা বাজার পর্যবেক্ষণ করা কি আপনাদের পক্ষে সম্ভব হয় না, একটা অত্যাচার চলছে দেশে, দিচ্ছে কার্ড মিটার, মানুষ না খেয়ে থাকলেও মিটারে টাকা ভরতে হয়, আর সবজির চড়া দাম তো আছেই, সব মিলিয়ে অনেক ভালো আছে বাঙালি, আল্লাহ এদেশের মানুষদের হেদায়েত দান করুক",negative,n/a,n/a,low,
"ঢাকার খিলক্ষেত বাজারে এসে একটু অভিযান চালান, একটু অনুরোধ রইলো",neutral,n/a,n/a,n/a,
"কঠিন শাস্তি দেওয়া হোক, এদের এতো সুন্দর করে বোঝাতেই দিন শেষ",negative,n/a,n/a,n/a,
কৃষক বাঁচান দেশ বাঁচান,neutral,n/a,n/a,n/a,
"শাসক হতে হবে ম্যাকিয়াভেলির দ্য প্রিন্স মতো, যার যার মতো দাম হাঁকিয়ে চায়",negative,n/a,n/a,n/a,
"মেডেল এই সব দোকানে অভিযান চালালে কোনো লাভ হবে না, যেখান থেকে সবজি আসে সেখান থেকে সরকারি উদ্যোগে ট্রাকে করে সবজি ঢাকায় এনে বিক্রি করলে পানির দামে পাওয়া যাবে, আপনারা এখন যেটা করছেন এটা খুবই দৃষ্টিকটু",negative,n/a,slow,n/a,
"সুন্দর উদ্যোগ, কিন্তু কাজ তো হয় না",negative,n/a,slow,n/a,
"ব্যবসা বন্ধ করে জেল-জরিমানা নিশ্চিত করুন অনেকের, তবেই যদি একটু ভয় পায়",negative,n/a,n/a,n/a,
"যেখানে কারসাজি দেখবেন সেখানেই বড় অঙ্কের জরিমানা করা উচিত, তাহলেই এদের শিক্ষা হবে",negative,n/a,n/a,n/a,
"জরিমানা করলে হবে না, সঙ্গে জেল দিতে হবে, অন্যথায় এই চক্রকে রোধ করা কঠিন হবে, আপনাদের প্রচেষ্টা ব্যর্থ হবে",negative,n/a,n/a,n/a,
"ভোক্তার ভিডিওগুলো দেখার অপেক্ষায় থাকি, ধন্যবাদ ভোক্তা",positive,n/a,fast,n/a,
নাটোরে ভোক্তা অধিকার নেই,negative,low,n/a,n/a,
এরকম তদারকি সবসময়ই করা লাগবে,neutral,n/a,n/a,n/a,
অনেক গুরুত্বপূর্ণ ভিডিও,positive,n/a,n/a,n/a,
বড় করে জরিমানা করা হোক,negative,n/a,n/a,n/a,
সমসাময়িক ছড়া- সবজি বাজার,neutral,n/a,n/a,n/a,
"সিন্ডিকেটের কাছে কি রাষ্ট্র হেরে যাবে, রাষ্ট্রের উপদেষ্টাদের দ্বারা সিন্ডিকেট নির্মূল করা সম্ভব নয়, আমজনতাকে মাঠে নামতে হবে, যেখানে সিন্ডিকেটধারী পাওয়া যাবে সেখানেই ওদের ধরে গাছে বেঁধে সারাদিন ওই পণ্য ওদের খাওয়াতে হবে, মুখ বুজে সহ্য করলে এদেশে ফেরাউন ব্যবসা শুরু হবে, তাই সবাইকে শক্ত প্রতিরোধ গড়তে হবে, অতি দ্রুত সিন্ডিকেট নির্মূল করুন, জরিমানা নয় কারাদণ্ডে দণ্ডিত করুন, বৈষম্য বিরোধী ছাত্র আন্দোলনের ছাত্র-জনতার দ্রুত উন্নত চিকিৎসার ব্যবস্থা করুন, ব্যক্তি পূজায় লিপ্ত না হয়ে অন্যায়কে অন্যায় এবং ন্যায়কে ন্যায় বলার সৎ সাহস থাকতে হবে, আল্লাহ তায়ালা ছাড় দেন কিন্তু ছেড়ে দেন না, দেশ স্বাধীন হওয়ার আগের মন্তব্য আর এখনো একই দাবি, বাসের যাত্রীরা দশজনের বেশি দাঁড়িয়ে যেতে পারবে না, বাসের সংস্কার চাই এটাই দাবি, রাষ্ট্রের সংস্কার চাই, মৃত্যু আর আত্মহত্যা যদি জায়েজ হতো তাহলে প্রত্যেক ঘরে থেকেই লাশের গন্ধ ভেসে আসতো, ছোট্ট একটা দেশে আল্লাহর এত রহমত থাকা সত্ত্বেও সিন্ডিকেট, দুর্নীতি, বাজারের উর্ধ্বগতি, দেশে গ্যাসের খনি থাকলেও উচ্চ মূল্যে দিয়ে গ্যাস কেনা, দেশের টাকা দেশে নেই আছে বিদেশি সুইস ব্যাংকে আর বেগম পাড়ায়, স্বাধীন রাষ্ট্রে আমরা এক প্রকার জিম্মি, ধিক্কার জানাই এই রাষ্ট্র ব্যবস্থাকে যেখানে শ্রমের কোনো মূল্য নেই, যেখানে সাধারণ জনগণের দুঃখ-দুর্দশা, দুর্ভোগ ছাড়া আর কিছুই নেই, ধিক্কার জানাই অসাধু, লোভী ব্যবসায়ীদের, হে আল্লাহ আপনার কাছে বিচার দিলাম, পৃথিবীর সকল ভালো মনের মানুষগুলো সর্বদা ভালো থাকুক, আর বাকি মানুষগুলোর মনে আল্লাহ তায়ালা সঠিক বুঝ দান করুন, মানুষের প্রতি মানুষের ভালোবাসা বাড়ুক, একে অপরকে মানুষ সম্মান ও শ্রদ্ধা করতে জানুক কাউকে ছোট করতে নয়, হাডুডু বাংলাদেশের জাতীয় খেলা, তাই সৎভাবে ভালো কাজ করে এগিয়ে গেলেও পা ধরে টানাটানি করে নিচে নামিয়ে দেওয়া এদেশের মানুষের অভ্যাস, ফরমালিন যুক্ত সময়ের আগে অপরিপক্ক ফল-মূল থেকে বিরত থাকুন, ফরমালিন মুক্ত বাংলাদেশ গড়ুন, পাপ বাবকেও ছাড়বে না, কর্মের ফল ভোগ করতেই হবে, ভেজাল মুক্ত দেশ গড়ি, পৃথিবীতে বেঁচে থাকা এবং মৃত্যুর মাঝে ভালো কাজ করি, কল্যাণমূলক কাজ করি, একে অপরকে সহযোগিতা করি, এর দ্বারা মনকে প্রশান্ত করি, আমাদের দেশকে আমরাই রক্ষা করব ইনশাআল্লাহ, প্রত্যেক মুসলিম উম্মাহদের প্রতি অসুস্থ অপমান লাঞ্ছনা বৃথা হতে দেব না, ইনশাআল্লাহ, দেশীয় পণ্য কিনে হই ধন্য, দেশের টাকা দেশে রেখে দেশকে করি সমৃদ্ধ, পণ্যের মান বজায় রেখে স্বাস্থ্য সুরক্ষা ও দেশের সুনাম ছড়িয়ে পড়ুক, কট্টরপন্থীদের বয়কট, বর্বর ইসরাইলের পণ্য বয়কট, ভারতীয় পণ্য বয়কট, সকল শিক্ষা প্রতিষ্ঠান থেকে ছাত্র রাজনীতি চিরতরে নিষিদ্ধ করার দাবি জানাই, সোনার টুকরো ছেলে-মেয়েরা মায়ের বুকে বেড়ে উঠুক, সন্তান হারানোর যন্ত্রণা থেকে রেহাই পাক মা-বাবা, সুশিক্ষায় শিক্ষিত হোক, দেশে ও জাতির কল্যাণ বয়ে আনুক, সাধারণ মানুষদের জিম্মি করে ফেলেছে, এখানে প্রশাসন ঘুমিয়ে আছে, ধর্ষকের বিচার চাই, ধর্ষকের মৃত্যুদণ্ড চাই, গাছ লাগান পরিবেশ বাঁচান, বেকারত্বের মতো বিভীষিকাময় দুর্ভিষহ যন্ত্রণা থেকে মুক্তি পাক প্রতিটা ঘরে ঘরে, আত্মনির্ভরশীল হোক প্রিয় মাতৃভূমির মানুষগুলো",negative,n/a,n/a,low,
"বাংলাদেশের সবচেয়ে বড় ফ্যাসিস্ট হচ্ছে বড় পাইকারি ব্যবসায়ীরা, আড়তদাররা, এখন খুচরা ব্যবসায়ীরাও সিন্ডিকেট করতে শুরু করেছে বড় বড় বাজারগুলোতে, এদেরকে ভালোভাবে আইনের আওতায় আনেন, কারাগারে পাঠান, দেশের বাজার ঠিক হয়ে যাবে",negative,n/a,n/a,n/a,
"অসৎ-অতিলোভী মুনাফাখোর ব্যবসায়ী আর ভোক্তা অধিদপ্তরের চোর-পুলিশ খেলা আর ভালো লাগে না, দেশের সব মানুষের জন্য আধুনিক রেশন সিস্টেম চালু করা যায় না, যেখানে রাষ্ট্রের নিয়ন্ত্রণে উৎপাদকের থেকে সরাসরি পণ্য সংগ্রহ ও পরিবহণ করে উপযুক্ত ডিলারের মাধ্যমে এলাকাভিত্তিক অনলাইনে অর্ডার নিয়ে স্থায়ী রেশন দোকানে নিত্যপণ্যের সব কিছু বিক্রয় করেন",negative,n/a,n/a,n/a,
চৌমুহনী বাজার এবং আমাদের কাশিপুর বাজারে অভিযান চালানো উচিত,neutral,n/a,n/a,n/a,
"আমি অনেকবার অনেক রকম মন্তব্য করি, আমার একটাই দাবি যে খিলক্ষেত বাজারে একটা অভিযান চালান, দয়া করে",neutral,n/a,n/a,n/a,
দয়া করে দেশের সকল প্রান্তে এমন অভিযান চালিয়ে দেন,neutral,n/a,n/a,n/a,
সাভার হেমায়েতপুরে অভিযান করা দরকার,neutral,n/a,n/a,n/a,
"আমাদের চক্রবর্তী বেক্সিমকো ইন্ডাস্ট্রিয়াল পার্ক, চক্রবর্তী বাজারে খুব বেশি জিনিসের দাম, কেউ দেখার নেই, দয়া করে এদিকে একটু নজর দিন, আমরা গার্মেন্টসের চাকরি করে খেয়ে-পরে চলতে পারছি না",negative,n/a,n/a,low,
এরাই হলো চোর,negative,n/a,n/a,n/a,
দোকানদারদের সব মুখস্ত কথা,negative,n/a,n/a,n/a,
"এগুলো দেখতে ঠিক নাটকের মতোই লাগে, মনে হচ্ছে ম্যাডাম তার বাসার পাশের বাজারে ঢুকেই শুধু এমনটা করে আর দেশের বাকি মানুষের কোনো খোঁজ নেই, এরকম ঘোরাঘুরি না করে দামটা আগে সঠিকভাবে নির্ধারণ করেন",negative,n/a,slow,n/a,
এদের ধরে কি লাভ বলেন,negative,n/a,n/a,n/a,
"উচ্চ লেবেলের জরিমানা করেন, ঠিক হয়ে যাবে, মোটা অঙ্কের জরিমানা করলে অন্য ব্যবসায়ীরা আর সিন্ডিকেট করতে সাহস পাবে না",negative,n/a,n/a,n/a,
ধন্যবাদ,positive,n/a,n/a,n/a,
সিলেটে কাঁচামরিচ সাতশ টাকা কেজি,negative,n/a,n/a,low,
আমাদের ফরিদপুর জেলা ভাংগায় অভিযান করা দরকার,neutral,n/a,n/a,n/a,
"বড় বড় আড়তে তদারকি করতে হবে, ছোট ছোট দোকানে জরিমানা করার কোনো মানে হয় না",negative,n/a,n/a,n/a,
উন্মুক্ত বাজার ব্যবস্থা যতদিন থাকবে ততদিন এই ভোগান্তি শেষ হবে না,negative,n/a,n/a,n/a,
"শুয়াগাজী বাজার, সদর দক্ষিণ, কুমিল্লা, মরিচের কেজি তিনশ ষাট থেকে চারশ টাকা, সবজির দাম নাই বললাম, ডিম ত্রিশ পিস চারশ টাকা, দেখার কেউ নেই",negative,n/a,n/a,low,
"খুচরা ব্যবসায়ীরা সবচেয়ে বেশি দাম বাড়ায়, এরা ইচ্ছেমতো দাম চায় যার থেকে যা পারে",negative,n/a,n/a,n/a,
"ওনারা বেশি দাম দিয়ে কিনে এনে কম দামে বিক্রি করবে নাকি, আপনারা পাইকারি বা যারা সবজি আমদানি করে তাদেরকে বলুন",negative,n/a,n/a,n/a,
চারশ টাকা করে,negative,n/a,n/a,low,
"কিছু হয় না, দাম দিয়ে খেতে হচ্ছে আমাদের সাধারণ জনগণকে",negative,n/a,n/a,low,
"উত্তরায় আসেন, সেক্টর ছয়ে",neutral,n/a,n/a,n/a,
নাটক কম করতে বলেন আপনাদের,negative,n/a,n/a,n/a,
আমাদের এলাকায় ছয়শ টাকা প্রতি কেজি কাঁচামরিচ,negative,n/a,n/a,low,
দয়া করে মাদারীপুর সদর লেগপাড়ে মনিটরিং করা হোক,neutral,n/a,n/a,n/a,
"সবজি আছে, তারপরও এত দাম কেন",negative,n/a,n/a,low,
"আপা, জাতরাবাড়ি আড়তে অভিযান চালান",neutral,n/a,n/a,n/a,
"আর আপনারা যে জরিমানা করেন, এগুলো করে কোনো লাভ নেই, একটাকে ধরে দুই মাস করে জেল দিতে হবে, আর সেজন্য জেল না খেটে কোনোভাবে বের হতে না পারে",negative,n/a,n/a,n/a,
"ঊনপঞ্চাশ ধানের পঁচিশ কেজি চালের বস্তা হবিগঞ্জ বাজার থেকে এইমাত্র কিনলাম এক হাজার পাঁচশ পঞ্চাশ টাকা, যা গতকালও এক হাজার পাঁচশ টাকা ছিল, এক মাস আগে ছিল এক হাজার চারশ টাকা, বাজারের এই অবস্থার জন্য কার কাছে বিচার প্রার্থী হব, তবে কি এই দেশের জনগণ শুধু শোষিতই হবে",negative,n/a,n/a,low,
"ম্যাজিস্ট্রেট এদেরকে কোনোরকম বড় শাস্তি দেয় না, এর জন্য এরা কোনো আইন মেনে চলে না",negative,n/a,n/a,n/a,
"উপদেষ্টা মহোদয়গণ, দয়া করে বাজারে যান, দেখুন, বাজারে আগুন লেগেছে, আগুন নেভানোর দ্রুত ব্যবস্থা নিন, অন্যথায়, এই আগুন ছড়িয়ে পড়বে অন্যত্র",negative,n/a,slow,low,
"দোকানে ভাড়া কতো দেয়, সেগুলো কেউ জিজ্ঞেস করে না",negative,n/a,n/a,n/a,
"সিন্ডিকেট বন্ধের জোর দাবি জানাচ্ছি, বাংলাদেশের সব জায়গায় পর্যাপ্ত পরিমাণে সবজি থাকা সত্ত্বেও কিছু সিন্ডিকেট ব্যবসায়ীর কারণে এখন বাজার অস্থিতিশীল",negative,n/a,n/a,low,
"শুধু ঢাকা শহরের কয়েকটা দোকানে অভিযান চালিয়ে কোনো লাভ নেই, দেশের প্রত্যেকটি অঞ্চলে অভিযান চালান, জেলা থেকে শুরু করে উপজেলা পর্যন্ত",negative,n/a,slow,n/a,
"ভোক্তা অধিকার আইন দিয়েই বাজার নিয়ন্ত্রণ সম্ভব, দরকার আরো লোকবল এবং কেনাকাটার নথি প্রদান বিষয়ে সরকারি একটি নির্দেশ, বাজার তখন জনগণই ঠিক করে ফেলবে",neutral,n/a,n/a,n/a,
"ওরা এমন ভাব ধরে যেন কিছুই বুঝে না, আসলে এই আড়তদারগুলো এবং পাইকারি বিক্রেতাগণ হচ্ছে নাটের গুরু, সরকারি গেজেট আকারে সারা দেশে বিজ্ঞপ্তি দিতে হবে, পাকা রসিদ ছাড়া বেচাকেনা বন্ধ, যৌক্তিক লাভের বেশি করলে এবং কোনো প্রকার অনিয়ম প্রমাণিত হলে প্রতিষ্ঠান বন্ধ সহ বিশাল অঙ্কের জরিমানা গুনতে হবে, ভোক্তা পর্যায়ে অনেক ক্ষেত্রে মেমো সংরক্ষণ করা সম্ভব হয় না, আড়তদার আর পাইকারি বিক্রেতা/ডিলাররা বাজার ব্যবস্থা ধ্বংস করে ফেলেছে, যে ব্যবসায়ী আইন অমান্য করে অরাজকতা সৃষ্টিকারী প্রমাণিত হবে তাকে বারো বছর সশ্রম কারাদণ্ডের আইন করতে হবে",negative,n/a,n/a,n/a,
"ধরে জেলে দিতে হবে, তা না হলে ওদের শিক্ষা হবে না, আপনারা যতই পরিশ্রম করেন না কেন, টাকা আর জেল সাথে লাইসেন্স বাতিল করে দেন, দেখেন এক মাসের মধ্যে সব ঠিক হয়ে যাবে",negative,n/a,n/a,n/a,
"এইভাবে অভিযান করলে চলবে না, কোনো জরিমানা নেই, শাস্তি নেই, শুধু সতর্ক করা, এই সতর্কতায় কোনো লাভ নেই, বড় ধরনের শাস্তি দিতে হবে",negative,n/a,n/a,n/a,
"আপনাদের উচিত প্রতিটি গলিতে এবং প্রতিটি ভ্যানওয়ালাকে ধরা, কারণ জনগণ কিন্তু সবাই বাজারে যায় না, অনেকে বাসার সামনে থেকে নেয়, পাশের বাজার থেকে নেয়, সেই জায়গাগুলো আপনাদের মনিটরিং করা দরকার, শুধু বড় বাজারে গেলে তা হবে না",negative,n/a,n/a,n/a,
ঢাকা দোহারের জয়পাড়া বাজারে আসবেন দয়া করে,neutral,n/a,n/a,n/a,
"এই রকম অভিযানে কোনো লাভ হবে না, আপনারা একটু সৌদি আরব গিয়ে দেখেন তারা কী ব্যবস্থা নেয়, হায়রে আমার সোনার বাংলাদেশ",negative,n/a,slow,n/a,
সাভার,neutral,n/a,n/a,n/a,
কোনো লাভ নেই,negative,n/a,n/a,n/a,
এদেরকে জেলে দেওয়া উচিত,negative,n/a,n/a,n/a,
জেলার কর্মকর্তারা নিয়মিত অভিযান করছে না কেন,negative,low,n/a,n/a,
গাজীপুরে মাত্র ছয়শ টাকা,negative,n/a,n/a,low,
"বাজার সিন্ডিকেট এখন একজনের হাতে নেই, খুচরা ব্যবসায়ী থেকে শুরু করে সবাই যার যার মতো সাধারণ জনগণের কাছ থেকে যেভাবে পারছে এভাবেই তাদের স্বার্থ হাসিল করে নিচ্ছে, এই সিন্ডিকেট মানতে হলে প্রত্যেকটা নাগরিকের প্রতিবাদ করতে হবে, তা না হলে একজনের কখনো সম্ভব না এই সিন্ডিকেট ভাঙা",negative,n/a,n/a,n/a,
"ঘরে ঘরে চোর যদি এতো হয়, ভোক্তা অধিকার কয় চোরকে ঠিক করবে, ঠিক তো আল্লাহ ভয়ে নিজেকে নিজের ঠিক করতেই হবে",negative,n/a,n/a,n/a,
"ভোক্তা কি শুধুই ঢাকার ভিতর, ঢাকার বাইরে কি ভোক্তা নেই",negative,low,n/a,n/a,
"লক্ষ্মীবাজারে তাড়াতাড়ি আসেন, সবজিওয়ালা গুলোকে আর দেখতে ইচ্ছা করছে না",negative,n/a,n/a,n/a,
ভোক্তা অধিকারের যোগাযোগ নম্বর কত,neutral,n/a,n/a,n/a,
"এতো সতর্কতা দেওয়ার দরকার নেই, হয় এদের জেলে নিয়ে যান আর না হয় শহরে জন অন্য কেউ আসুক",negative,n/a,n/a,n/a,
"এত কথা বলার কি দরকার, কথা কম কাজ বেশি, সোজা কথায় কাজ হবে না, শাস্তি দেন",negative,n/a,n/a,n/a,
"এই মাননীয়ার কথা বলার ধরনটা মোটেই ভালো না, এই এটা আবার কী ধরনের ডাক",negative,n/a,n/a,n/a,
"শুধু জরিমানা ধরলে হবে না, এদেরকে কমপক্ষে এক মাসের জেল দেওয়া হোক",negative,n/a,n/a,n/a,
ওনাদের সাথে যোগাযোগের মাধ্যম কি,neutral,n/a,n/a,n/a,
"মুহাম্মদ আজাদ, টিসিবি ভবন, কারওয়ানবাজার, ঢাকা, সরাসরি অফিসে গিয়ে অভিযোগ দিয়ে আসলে এ হবে ভাইয়া",neutral,n/a,n/a,n/a,
"আল সাদাত খান সুপ্রিয় ভাইয়া, গাজীপুর থেকে কোনোভাবে করা যাবে না",neutral,n/a,n/a,n/a,
"মুহাম্মদ আজাদ, অফিসে এসে করলে সব থেকে ভালো ভাইয়া, স্থানে স্থানে একটা অভিযোগ নম্বর দিয়ে দেই, সবচেয়ে ভালো হবে, কষ্ট করে হলেও অফিসে এসে করা",neutral,n/a,n/a,n/a,
"আল সাদাত খান সুপ্রিয়, ধন্যবাদ ভাইয়া",positive,n/a,n/a,n/a,
"একটা অনলাইন পেজের বিরুদ্ধে অভিযোগ করতে চাই, দয়া করে সাহায্য করেন",neutral,n/a,n/a,n/a,
"জান্নাতুল ফেরদাউস, আসসালামু আলাইকুম আপু, আপনি সরাসরি ওনাদের অফিসে গিয়ে অভিযোগটা দিয়ে আসবেন, তাহলে এ হবে",neutral,n/a,n/a,n/a,
"জাতীয় ভোক্তা-অধিকার সংরক্ষণ অধিদপ্তর, ওদের এভাবে নিয়ন্ত্রণ করা যাবে না, পাঁচ বছরের জেল আর আট থেকে দশ লাখ টাকা জরিমানা করেন, দেশে আর কোনো সিন্ডিকেট থাকবে না",negative,n/a,n/a,n/a,
"খামারে যান না কেন, প্রমাণ দেখান খামারে ডিমের দাম কম",negative,n/a,n/a,low,
"বড় বড় কোম্পানিগুলোতে অভিযান চালানো হোক, শুধু জরিমানা করে ছেড়ে দিলে আবার এরা একই কাজ করবে, তাই এদেরকে কঠিন শাস্তি দেওয়া হোক",negative,n/a,n/a,n/a,
"আপনারা বাজার মনিটরিংয়ে গিয়ে ক্যাশ মেমো চাইলে মেক্সিমাম ক্রেতা-বিক্রেতা বলে ক্যাশ মেমো বা স্লিপ নেই, এই খেলা আর কতদিন দেখব, যারা ক্যাশ মেমো দেখাতে পারবে না তাদের মালামাল চোরাই মাল হিসেবে গণ্য করেন এবং চোরাই মাল রাখার দায়ে গ্রেফতার ও মালামাল বাজেয়াপ্ত করেন, এ জাতির জন্য এর চেয়ে ভালো সমাধান হতে পারে না",negative,n/a,n/a,n/a,
এক লাখ টাকা জরিমানা করা উচিত ছিল,negative,n/a,n/a,n/a,
"খিলক্ষেত এলাকায় বাজার তদারকির জন্য দৃষ্টি আকর্ষণ করছি, এখানে ডিম, গ্যাস সহ কোনো কিছুই সরকারের বেঁধে দেওয়া দামে বিক্রি করে না এখানকার দোকানদাররা, মুদি দোকান, সবজি দোকানসহ মাছের বাজারগুলো ভোক্তাদের সাথে যা ইচ্ছা তাই দাম রাখছে",negative,n/a,n/a,low,
"ব্র্যান্ডের দোকান রিচ ম্যান, ক্যাটস আই ওনারা রসিদ দেয়, লোকাল পোশাক দোকানদার রসিদ দেয় না, উদাহরণটা বাস্তবিকভাবেই দিতে হয় ওনাদেরকে, ওনারা রসিদ নিয়ে কখনো জামা কেনে না",negative,n/a,n/a,n/a,
"এত আদেশ-নিষেধের পরেও একশ নব্বই টাকা ডজন ডিম কিনতে হচ্ছে, প্রতিটা ডিম পনেরো দশমিক পঁচাত্তর টাকা করে পড়ছে",negative,n/a,n/a,low,
"ভোক্তা অধিকার সংরক্ষণের অধীনে যে কর্মশালা হয়েছে সেই কর্মশালায় স্বেচ্ছাসেবক এবং ছাত্র যারা অংশগ্রহণ করেছেন, দয়া করে আমি একজনের সাথে যোগাযোগ করতে চাই, এমন কেউ থাকলে আমাকে যোগাযোগ করুন। হোয়াটসঅ্যাপ: ০১৭২৩২১১৩৬৬",neutral,n/a,n/a,n/a,
"দয়া করে আমাদের কামরাঙ্গীরচরে অভিযান চালান, এখানে এখনো ষাট টাকা হালি ডিম বিক্রি হয়",negative,n/a,n/a,low,
"বারবার নির্দেশনা দেওয়ার পর পাকা রশিদ না দিলে ব্যবসা বন্ধ করে দিন। চারিদিকে এত ভণ্ড উদ্যোক্তার প্রয়োজন নেই। আমরা ইউরোপ-আমেরিকার মহাদেশগুলোর দিকে তাকালে দেখতে পারি যে, রাস্তায় রাস্তায় অনিয়ম করে কেউ ব্যবসা করে না। অধিকাংশই দোকান ভবনের ভিতর। এতে তদারকি ও নিয়ন্ত্রণ সহজতর।",negative,n/a,n/a,n/a,
জরিমানা না করে তিন থেকে পাঁচ বছরের জেল দিন। সব ঠিক হয়ে যাবে। জাতীয় ভোক্তা-অধিকার সংরক্ষণ অধিদপ্তর,negative,n/a,n/a,n/a,
"সিন্ডিকেটের কাছে কি রাষ্ট্র হেরে যাবে? অতি দ্রুত সিন্ডিকেট নির্মূল করুন, জরিমানা নয় কারাদণ্ডে দণ্ডিত করুন। ব্যক্তি পূজায় লিপ্ত না হয়ে অন্যায়কে অন্যায় এবং ন্যায়কে ন্যায় বলার সৎ সাহস থাকতে হবে। আল্লাহ তায়ালা ছাড় দেন কিন্তু ছেড়ে দেন না। দেশ স্বাধীন হওয়ার আগের মন্তব্য আর এখনো একই দাবি। বাসের যাত্রীরা দশজনের বেশি দাঁড়িয়ে যেতে পারবে না। বাসের সংস্কার চাই এটাই দাবি। রাষ্ট্রের সংস্কার চাই। মৃত্যু আর আত্মহত্যা যদি জায়েজ হতো তাহলে প্রত্যেক ঘরে থেকেই লাশের গন্ধ ভেসে আসতো। ছোট্ট একটা দেশে আল্লাহর এত রহমত থাকা সত্ত্বেও সিন্ডিকেট, দুর্নীতি, বাজারের উর্ধ্বগতি, দেশে গ্যাসের খনি থাকলেও উচ্চ মূল্যে গ্যাস কেনা। দেশের টাকা দেশে নেই, আছে বিদেশি সুইস ব্যাংকে আর বেগম পাড়ায়। স্বাধীন রাষ্ট্রে আমরা এক প্রকার জিম্মি। ধিক্কার জানাই এই রাষ্ট্র ব্যবস্থাকে যেখানে শ্রমের কোনো মূল্য নেই, যেখানে সাধারণ জনগণের দুঃখ-দুর্দশা, দুর্ভোগ ছাড়া আর কিছুই নেই। ধিক্কার জানাই অসাধু, লোভী ব্যবসায়ীদের। হে আল্লাহ আপনার কাছে বিচার দিলাম। পৃথিবীর সকল ভালো মনের মানুষ সর্বদা ভালো থাকুক। আর বাকি মানুষের মনে আল্লাহ তায়ালা সঠিক বুঝ দান করুন। মানুষের প্রতি মানুষের ভালোবাসা বাড়ুক। একে অপরকে মানুষ সম্মান ও শ্রদ্ধা করতে জানুক, কাউকে ছোট করতে নয়। হাডুডু বাংলাদেশের জাতীয় খেলা, তাই সৎভাবে ভালো কাজ করে এগিয়ে গেলেও পা ধরে টানাটানি করে নিচে নামিয়ে দেওয়া এদেশের মানুষের অভ্যাস। ফরমালিনযুক্ত সময়ের আগে অপরিপক্ক ফল-মূল থেকে বিরত থাকুন। ফরমালিন মুক্ত বাংলাদেশ গড়ুন। পাপ বাবকেও ছাড়বে না, কর্মের ফল ভোগ করতেই হবে। ভেজাল মুক্ত দেশ গড়ি, পৃথিবীতে বেঁচে থাকা এবং মৃত্যুর মাঝে ভালো কাজ করি, কল্যাণমূলক কাজ করি, একে অপরকে সহযোগিতা করি, এর দ্বারা মনকে প্রশান্ত করি। আমাদের দেশকে আমরাই রক্ষা করব ইনশাআল্লাহ, প্রত্যেক মুসলিম উম্মাহদের প্রতি অসুস্থ অপমান লাঞ্ছনা বৃথা হতে দেব না। দেশীয় পণ্য কিনে হই ধন্য, দেশের টাকা দেশে রেখে দেশকে করি সমৃদ্ধ, পণ্যের মান বজায় রেখে স্বাস্থ্য সুরক্ষা ও দেশের সুনাম ছড়িয়ে পড়ুক। কট্টরপন্থীদের বয়কট, বর্বর ইসরাইলের পণ্য বয়কট, ভারতীয় পণ্য বয়কট। সকল শিক্ষা প্রতিষ্ঠান থেকে ছাত্র রাজনীতি চিরতরে নিষিদ্ধ করার দাবি জানাই। সোনার টুকরো ছেলে-মেয়েরা মায়ের বুকে বেড়ে উঠুক, সন্তান হারানোর যন্ত্রণা থেকে রেহাই পাক মা-বাবা। সুশিক্ষায় শিক্ষিত হোক, দেশে ও জাতির কল্যাণ বয়ে আনুক। সাধারণ মানুষদের জিম্মি করে ফেলেছে, এখানে প্রশাসন ঘুমিয়ে আছে। ধর্ষকের বিচার চাই, ধর্ষকের মৃত্যুদণ্ড চাই। গাছ লাগান পরিবেশ বাঁচান। বেকারত্বের মতো বিভীষিকাময় দুর্ভিষহ যন্ত্রণা থেকে মুক্তি পাক প্রতিটা ঘরে ঘরে। আত্মনির্ভরশীল হোক প্রিয় মাতৃভূমির মানুষগুলো।",negative,n/a,n/a,low,
"বিচার হতে হবে দৃষ্টান্তমূলক, প্রহসনের বিচার করে অপরাধ দমন করা সম্ভব হবে না। আজকে যদি তাকে পাঁচ লাখ টাকা জরিমানা ও পাঁচ বছরের কারাদণ্ড দেওয়া হতো তাহলে চিরতরে ডিমের কারসাজি বন্ধ হয়ে যেত। কেউ কারসাজি করার আগে অন্তত একশ বার চিন্তা করতো।",negative,n/a,n/a,n/a,
আপনাদের উচিত ঢাকা শহরের প্রতিটি বাজারে তদারকি করা।,neutral,n/a,n/a,n/a,
"মজা কম নিন। আগে সিন্ডিকেট ভাঙতে সক্ষম হন, তারপর প্রেস বিজ্ঞপ্তি দিন।",negative,n/a,slow,n/a,
"আসসালামু আলাইকুম, যারা পাকা রশিদ দেবে না তাদের ডিম গরিব মানুষকে বিলিয়ে দিন।",neutral,n/a,n/a,n/a,
"আপনাদের অভিযানে আমি অসন্তুষ্ট, কারণ আপনারা যে অভিযান চালান, বাজার সিন্ডিকেটদের কঠোর ব্যবস্থা নেন না। যারা বাজার সিন্ডিকেট করে কোটি কোটি টাকা হাতিয়ে নিচ্ছে তাদেরকে মাত্র পঞ্চাশ হাজার বা কমবেশি জরিমানা করে ছেড়ে দেন। যারা খাবারে ভেজাল মিশায় অথবা নিত্যপ্রয়োজনীয় বাজারের সিন্ডিকেট করবে তাদের আজীবনের জন্য নিষেধাজ্ঞা দিয়ে দিন।",negative,n/a,slow,n/a,
"জাতীয় ভোক্তা-অধিকার সংরক্ষণ অধিদপ্তর, দাম তো কমে না, কি অভিযান চালান। আপনাদের আরও কঠোর হতে হবে।",negative,n/a,slow,n/a,
আপনাদের অভিযান লোক দেখানো। একেবারে রুট লেভেল থেকে অভিযান চালানো হোক। তাহলে সুফল আসবে।,negative,n/a,slow,n/a,
বসিলায় এক ডজন ডিমের দাম একশ সত্তর থেকে একশ আশি টাকা। দয়া করে বসিলা বাজারের তদারকি করেন। এখানে প্রতিটি জিনিসের দাম অতিরিক্ত। এই এলাকার বাসিন্দারা এক প্রকার জিম্মি হয়ে আছে।,negative,n/a,n/a,low,
সকল সিন্ডিকেট ভেঙে ফেলতে হবে এবং জেলে দিতে হবে। জরিমানার নাটক আর দেখতে ভালো লাগে না।,negative,n/a,n/a,n/a,
"আমার এগুলো দেখে অনেক কষ্ট লাগে। চোখে পানি চলে আসে। আমি অনেক কষ্ট করে টাকা আয় করি, কিন্তু আমি ভালোভাবে খেতে পারি না। কীভাবে খাবো, আমার বেতন ষোল হাজার, রুম ভাড়া সাত হাজার, থাকে নয় হাজার। এই নয় হাজার টাকা দিয়ে কী করবো, মেয়ের খরচ, বউয়ের খরচ, নিজের কিছু খরচ, সব মিলিয়ে পাঁচ হাজার টাকা ধরে নিলাম। আর থাকে কত, চার হাজার। এবার বলেন, এই চার হাজার টাকা দিয়ে কী কিনবো। প্রশ্ন আপনাদের সবার কাছে, দয়া করে আমাকে একটু বলে যাবেন।",negative,n/a,n/a,low,
কৃষি যখন থেকে কোম্পানির কাছে গেছে তখন থেকে দাম বাড়া শুরু হয়েছে।,negative,n/a,n/a,n/a,
"জাতীয় ভোক্তা-অধিকার সংরক্ষণ অধিদপ্তর, এই সিন্ডিকেট এভাবে নিয়ন্ত্রণ করা যাবে না। দুই থেকে তিন বছরের জেল এবং চার থেকে পাঁচ লাখ টাকা জরিমানা করেন। তাহলে ইনশাআল্লাহ সিন্ডিকেট থাকবে না।",negative,n/a,n/a,n/a,
একটা ডিমের দাম দশ টাকার চেয়ে বেশি হওয়া উচিত নয়। কারণ আমি ছোটবেলায় একটা ডিম খেয়েছি দুই থেকে তিন টাকা। তখন আমরা আট থেকে বারো টাকা হালিতে ডিম খেয়েছি। আর এখন সেই ডিমের দাম বিশ থেকে পঁচিশ টাকা পিস হয়ে গেছে।,negative,n/a,n/a,low,
নিউমার্কেট কাঁচাবাজারে লাল ডিমের দাম বিক্রি হচ্ছে ডজন একশ আশি টাকা। আপনারা সিভিল এসে একটি ব্যবস্থা গ্রহণ করেন।,negative,n/a,n/a,low,
"আসসালামুয়ালাইকুম, যেকোনো সিন্ডিকেট বা ব্যবসায়ীর অনিয়ম পেলে আপনারা সেখানে যান এবং তাদের জরিমানা করেন। আপনারা যে পরিমাণ জরিমানা করেন তাতে তাদের ও বাকিদের কিছু আসে যায় না। যে জরিমানা বা শাস্তি দৃষ্টান্তমূলক হয় না, যে অন্যরা সতর্ক হবে। এবং এইভাবে আপনারা দিনরাত কষ্ট করলেও জনগণ সুফল পাবে না। যে ব্যবসায়ী অযথা দাম বৃদ্ধি করে এক রাতেই লক্ষ লক্ষ টাকা হাতিয়ে নেয়, আপনারা তাদের বিশ থেকে পঞ্চাশ হাজার টাকা জরিমানা করে, তাদেরকে কোনোদিনই আপনি মানুষ বানাতে পারবেন না। আর তারা এই সামান্য জরিমানা কেয়ারই করে না। এমন আইন প্রয়োগ করুন যাতে তারা সারাজীবন ভালো হয়ে যায় এবং অন্যরাও ভালো হয়ে যায়।",negative,n/a,slow,n/a,
"আপনাদের অভিযান লোক দেখানো, বড় বড় কোম্পানিগুলোতে অভিযান চালান।",negative,n/a,slow,n/a,
"কেন ট্রেড লাইসেন্স নিয়মিত চেক আর আপডেট করা হলো না, বাণিজ্য মন্ত্রণালয় আর ভোক্তা অধিকার সংরক্ষণ অধিদপ্তরের জবাব চাই।",negative,low,n/a,n/a,
নন্দীপাড়ায় দুটো পাইকারি ডিমের দোকান আছে। আজ উনিশ অক্টোবর দুই হাজার চব্বিশ তারিখে উনারা এক ডজন ডিমের দাম নিচ্ছে একশ ষাট টাকা।,negative,n/a,n/a,low,
সাধারণ জনগণকে কষ্ট দেওয়ার জন্য এদের কঠিন শাস্তি হওয়া উচিত। বাংলাদেশে এখন আমরা সত্তর টাকা হালি ডিম কিনে খাই।,negative,n/a,n/a,low,
এদের দালালি ব্যবসা শাট ডাউন করে দিতে হবে।,negative,n/a,n/a,n/a,
"ভোক্তা অধিকারের কাজে কোনো রকম ফায়দা নেই, শুধু ভিডিও করা।",negative,low,slow,n/a,
রশিদের দোষে খোঁজখবরের আগে সরকারের চশমা কি দেখায় না দেশের পরিস্থিতি।,negative,n/a,n/a,n/a,
"জনগণের সাথে তামাশা করে ভোক্তা অধিকার। জরিমানা করবেন লাখ লাখ টাকা, না দিতে পারলে জেল। এমনটা করলে এমনিতেই সব সিন্ডিকেট ভেঙে সোজা হয়ে যাবে।",negative,n/a,n/a,n/a,
"নিত্যপণ্যের বাজারদরের সম্পূর্ণ স্থায়ী সমাধান দরকার। বাজারদর একটা একক সিস্টেমের মধ্যে নিয়ে আসা জরুরি। বর্তমান প্রযুক্তির সময়ে ছোট খুচরা পর্যায় থেকে শুরু করে বড় পাইকার পর্যন্ত একটা একক সফটওয়্যার থাকতে হবে, যেখানে প্রতিটা ব্যবসায়ীকে বাধ্যতামূলকভাবে রেজিস্ট্রেশন করতে হবে এবং লেনদেন হবে সফটওয়্যার ভিত্তিক। লোকেশনসহ কে কার কাছে কত টাকা দরে বিক্রি করল এবং ক্রয় করার পরে পরিবহন খরচ কত হলো, পরিবহন খরচ বাদ দিয়ে তিনি কত টাকা দরে বিক্রি করলেন এবং সবশেষে খুচরা পর্যায়ে যারা বিক্রি করবেন তাদের পর্যন্ত ডাটা সংরক্ষিত থাকতে হবে। সবকিছু থাকবে ঐ সফটওয়্যারে। যাতে প্রতিটা পণ্য তারিখ অনুযায়ী ট্র্যাকিং করার সুযোগ থাকে। আর সাধারণ যারা ক্রেতা বাজার করতে যাবেন তারা যেন প্রতিটা দোকানে গিয়ে সহজে তিনি কত দরে ক্রয় করেছেন সেইটা দোকানের ট্রেড লাইসেন্স বা এনআইডি নাম্বারের তথ্য দিয়ে যাচাই করতে পারেন। সবকিছু যদি এরকমভাবে মনিটরিংয়ের আওতায় নিয়ে আসা যায় তাহলে এই সিন্ডিকেট ভাঙা সম্ভব। বর্তমানে যে ক্যাশ মেমো ম্যানুয়ালি থাকে সেগুলো সব সফটওয়্যার ভিত্তিক করতে হবে যাতে করে সাধারণ পাবলিক পর্যন্ত এগুলো দেখতে পায়, তাদের নির্দিষ্ট দোকানের ট্রেড লাইসেন্স বা এনআইডি নাম্বার অথবা ওই দোকানের করা রেজিস্ট্রেশনের কোনো তথ্য দিয়ে সার্চ করে।",neutral,n/a,n/a,n/a,
গাছের গোড়ায় ধরেন দয়া করে।,negative,n/a,n/a,n/a,
আপনাদের কি জেলা উপজেলার কার্যক্রম চলে না?,negative,low,n/a,n/a,
"দেশে সরকার আসে সরকার যায়, প্রতিদিন নানা পরিবর্তন ঘটে শুধুমাত্র ব্যবসায়ীদের ব্যবসার মুনাফায় কোনো পরিবর্তন আসে না। এদের কোনো দল নেই, এরা মিলেমিশে একটা দল করে তার নাম সিন্ডিকেট। অনেক অনেক ফড়িয়া, মধ্যস্বত্বভোগী আছে তাদের না আছে কোনো লাইসেন্স না আছে কোনো পণ্যের ক্রয়-বিক্রয় রশিদ। এরা এক জায়গা থেকে পণ্য কিনে একটু দূরেই দশ থেকে বারো টাকা লাভে বিক্রি করে। সরকারের উচিত প্রথমে ফড়িয়া থেকে শুরু করে ছোট বড় সব ব্যবসায়ীর জন্য লাইসেন্স বাধ্যতামূলক করা, সেগুলো সবসময় যাচাই-বাছাইয়ে রাখা, ক্রয়-বিক্রয় রশিদ বাধ্যতামূলক করা। শুধুমাত্র একটা ভোক্তা অধিদপ্তর দিয়ে এ সমস্যা সমাধান করা যাবে না। আলাদা একটা বিভাগ করে সাপ্লাই চেইন, উৎপাদন, আমদানি রপ্তানি, কৃষি, আইনশৃঙ্খলা বাহিনী এসবের সাথে সংশ্লিষ্ট সব বিভাগের জনবল একত্রিত করে একটা ডিপার্টমেন্ট গড়ে তোলা, প্রয়োজনে নতুন জনবল নিয়োগ দিয়ে জনবল বৃদ্ধি করা। প্রতিটি উপজেলায়, ইউনিয়নে সব বিভাগের লোকের মাধ্যমে একাধিক সমন্বিত টিমকে কার্যকর করা যাতে সাপ্লাই চেইন ঠিক রাখা যায়, কোনো উপজেলায় কোনো পণ্যের উৎপাদন ঘাটতি রয়েছে তার কারণ জানা যায় ও তা সমাধান করা যায় সে ব্যবস্থা করা। প্রায় সব উপজেলায় উপজেলা কৃষি কর্মকর্তারা শুয়ে বসে দিন কাটান। তাদের কোনো নির্দিষ্ট লক্ষ্য এবং উদ্দেশ্য নেই। ওনাদেরকে একটা নিয়মের মধ্যে আনা দরকার। প্রতিটি উপজেলার বিভিন্ন পণ্যের উৎপাদনের লক্ষ্যমাত্রা নির্ধারণ করা, যে অঞ্চলের জন্য যে পণ্য উপযোগী তা নির্ধারণ করা, কৃষকদের উৎপাদন বৃদ্ধি ও বৈজ্ঞানিক চাষাবাদে মাঠ পর্যায়ে কৃষকদের সাথে কাজ করা, প্রতি বছর কোন সময়গুলোতে চাহিদার তুলনায় কোনো পণ্যের যোগানের ঘাটতি হতে পারে তা নির্ণয়ে উপজেলা কৃষি অফিস থেকে কৃষি মন্ত্রণালয়ের একযোগে কাজ করা উচিত। উৎপাদন ব্যবস্থা ও সরবরাহ ব্যবস্থা ঠিক রাখা, সাধারণ ছোটখাটো ব্যবসায়ী এমনকি পথের ধারে যারা ঠেলা নিয়ে ব্যবসা করে সবাইকে সহজ শর্তে লাইসেন্স দেওয়া ও তা নিতে বাধ্য করা, সবার জন্য ক্রয়-বিক্রয় রশিদ বাধ্যতামূলক করা এবং গণসচেতনতা বৃদ্ধি করা, ফরমালিন ও দূষণমুক্ত খাবার নিশ্চিত করা, সিন্ডিকেট বিশেষ করে বড় ব্যবসায়ী সিন্ডিকেটদের কঠোর নজরদারিতে রাখা এবং কঠিন শাস্তির ব্যবস্থা করা, ভোক্তা অধিদপ্তরের হটলাইন নাম্বার ৯৯৯ এর মতো জনপ্রিয় ও কার্যকর করে তোলা—এ কাজগুলো করা গেলে সহজে সিন্ডিকেট ভাঙা যাবে এবং দ্রব্যমূল্য মানুষের নিয়ন্ত্রণে আসবে। পেটে ভাত থাকলে সবকিছুই ভালো লাগে কিন্তু পেটে ক্ষুধা থাকলে সংস্কার শব্দটাও বিষের মতো মনে হয়।",negative,n/a,n/a,n/a,
আপনারা বলছেন বারো টাকা ডিম। বাজারে বিক্রি হচ্ছে খুচরা ষাট টাকা হালি। দয়া করে মৌলভীবাজারের কমলগঞ্জ থানার শমশেরনগরে একটু মনিটরিং করবেন।,negative,n/a,n/a,low,
"বাজার ব্যবস্থা নিয়ন্ত্রণে করণীয়: কৃষক, আড়তদার, পাইকারি ও খুচরা—এই চার স্তরে অনতিবিলম্বে বিভিন্ন জেলা এলাকাভিত্তিক ডাটাবেজ তৈরি করে ফেলা প্রয়োজন। এরপর, এলাকাভিত্তিকভাবে তাদের রশিদ সম্পর্কে সম্যক ধারণা দেওয়ার ব্যবস্থা করা দরকার। প্রয়োজনে রশিদ তৈরি করে, তাদের কাছে রশিদ বিক্রি করে, তা ব্যবহার করতে উদ্বুদ্ধ করা প্রয়োজন। রশিদ ছাড়া ক্রয়-বিক্রয় করলে, কৃষক, আড়তদার, পাইকারি ও খুচরা বিক্রেতা লেভেলে জরিমানা বাধ্যতামূলক করা প্রয়োজন। পণ্য সরবরাহকারী যানবাহনকেও, যানবাহনের ভাড়ার রশিদ দেওয়া বাধ্যতামূলক করতে হবে। পথে, রাজনৈতিক কর্মী বা পুলিশ, চাঁদাবাজি করলে, তাদেরও তালিকা করে, তাদের বিরুদ্ধে কার্যকরী ব্যবস্থা গ্রহণ করা প্রয়োজন। যখন পণ্যের ক্রয়-বিক্রয়ে স্বচ্ছতা আসবে, তখন মধ্যস্বত্বভোগীদের দৌরাত্ম্য কমে যাবে। বাজার মনিটরিং সেলকে, উৎপাদন পাইকারি ও খুচরা লেভেলে, ক্রয় ও খরচ হিসাব করে দাম নির্ধারণ করে, প্রতিটা বাজারে পণ্যের বিক্রয় মূল্যের তালিকা টাঙিয়ে দেওয়া বাধ্যতামূলক করতে হবে। কেউ পণ্যমূল্যের তালিকার বিক্রয় মূল্য অনুযায়ী বিক্রি না করলে, তাদের লাইসেন্স বাতিল করে দিতে হবে, বা তাদের আর ব্যবসা করতে না দেওয়া। প্রতিটা বাজারে, বাজার তদারকি টিমের, ভোক্তা অধিকারের, মোবাইল নাম্বার, ইমেল অ্যাড্রেস টাঙিয়ে দিতে হবে। যাতে কোনো অনিয়ম দেখলে, ভোক্তা সেখানে অভিযোগ করতে পারে। যেসব খাদ্যপণ্য আমদানি করতে হয়, সেসব পণ্যের উপর আমদানি শুল্ক দশ থেকে পনেরো শতাংশের বেশি না রাখা। পুরো দেশে খাদ্যপণ্যের, সাপ্লাই চেইন সিস্টেম তৈরি করে, তা নিয়মিত মনিটরিংয়ের ব্যবস্থা করা। কোনো আইনের ব্যত্যয় হলে তার বিরুদ্ধে কঠোর ব্যবস্থা নেওয়া। লজিস্টিক ব্যবস্থা নজরদারিতে রাখা, যেন চাঁদাবাজি, পরিবহন খরচ না বাড়াতে পারে। কেউ চাঁদাবাজি করলে তার বিরুদ্ধে, কঠোর আইনগত ব্যবস্থা নেওয়া। কৃষি ঋন, শিল্পের কাঁচামালের আমদানির জন্য, প্রদত্ত ঋণের সুদের হার সাত থেকে আট শতাংশ রাখা।",neutral,n/a,n/a,n/a,
এক হাজার তিনশ ষাট।,neutral,n/a,n/a,n/a,
"আপনাদেরকে বারবার বলছি জরিমানা করলে হবে না, সঙ্গে জেল দিতে হবে, অন্যথায় এই চক্রকে রোধ করা কঠিন হবে, আপনাদের প্রচেষ্টা ব্যর্থ হবে।",negative,n/a,n/a,n/a,
সব কিছুরই দাম বৃদ্ধি।,negative,n/a,n/a,low,
কুমিল্লার ভিডিও দেন না কেন।,neutral,n/a,n/a,n/a,
এই দোকানের ব্যবস্থা নেওয়ার জন্য অনুরোধ জানাচ্ছি।,neutral,n/a,n/a,n/a,
আরও জরিমানা করা গুরুত্বপূর্ণ।,negative,n/a,n/a,n/a,
"সব দুই নাম্বার শালাদের এক বছর করে জেল দিন। দশ থেকে পনেরোটাকে ঢুকালে বাকিগুলো সোজা হয়ে যাবে। আর এরা যখন লাভ করবে এক টাকা করে, একেক চালানে লক্ষ টাকা ইনকাম করে আর জরিমানা মাত্র দশ হাজার। সর্বনিম্ন দশ লাখ নয়তো এক বছরের জেল দিন। বিদেশে মানুষ ক্রাইম করতে ভয় পায় কারণ এখানে যে জরিমানা করে তা দিতে গেলে খান্দান বিক্রি করতে হবে। এই ভয়ে কেউ দুই নাম্বারি করতে সাহস পায় না। আর আপনারা যে জরিমানা করেন এটা জরিমানা না, ওদের সাথে ফাজলামি করছেন, তাইতো ওদের গায়ে লাগে না।",negative,n/a,n/a,n/a,
"কারসাজি করে যারা ব্যবসা করে, ধ্বংস হোক তাদের ব্যবসা।",negative,n/a,n/a,n/a,
"আপনারা অভিযোগকারীকে সঙ্গে না নিয়ে গিয়ে, একটা হোয়াটসঅ্যাপ বা ওয়েবসাইট চালু করেন যেখানে ভোক্তারা তাদের অভিযোগ পরিচয় গোপন রেখে জানাতে পারবে সাথে অন্যায়কারীর ছবি ও ভিডিও পাঠাতে পারবে।",neutral,n/a,n/a,n/a,
পাঁচ হাজার থেকে দশ হাজার কি জরিমানা ধরন? এভাবে করলে কি আপনি এরকম বাজার নিয়ন্ত্রণ করতে পারবেন? আপনারা ওদের ভালোভাবে শাস্তি দিন আর না হয় দেশের সাথে তামাশা বন্ধ করুন দয়া করে।,negative,n/a,slow,n/a,
"উনারা যে জরিমানা করে, এতে মনে হয় যে উৎসাহিত করে।",negative,n/a,n/a,n/a,
বাংলাদেশের ব্যবসায়ীরা সাক্ষাৎ জান্নাতী।,negative,n/a,n/a,n/a,
ইসলাম তাওহিদ।,neutral,n/a,n/a,n/a,
"সিন্ডিকেটের কাছে কি রাষ্ট্র হেরে যাবে? রাষ্ট্রের উপদেষ্টাদের দ্বারা সিন্ডিকেট নির্মূল করা সম্ভব নয়। আমজনতাকে মাঠে নামতে হবে। যেখানে সিন্ডিকেটধারী পাওয়া যাবে সেখানেই ওদের ধরে গাছে বেঁধে সারাদিন ওই পণ্য ওদের খাওয়াতে হবে। মুখ বুজে সহ্য করলে এদেশে ফেরাউন ব্যবসা শুরু হবে তাই সবাইকে শক্ত প্রতিরোধ গড়তে হবে। অতি দ্রুত সিন্ডিকেট নির্মূল করুন, জরিমানা নয় কারাদণ্ডে দণ্ডিত করুন। বৈষম্য বিরোধী ছাত্র আন্দোলনের ছাত্র-জনতার দ্রুত উন্নত চিকিৎসার ব্যবস্থা করুন। ব্যক্তি পূজায় লিপ্ত না হয়ে অন্যায়কে অন্যায় এবং ন্যায়কে ন্যায় বলার সৎ সাহস থাকতে হবে। আল্লাহ তায়ালা ছাড় দেন কিন্তু ছেড়ে দেন না। দেশ স্বাধীন হওয়ার আগের মন্তব্য আর এখনো একই দাবি। বাসের যাত্রীরা দশজনের বেশি দাঁড়িয়ে যেতে পারবে না। বাসের সংস্কার চাই এটাই দাবি। রাষ্ট্রের সংস্কার চাই। মৃত্যু আর আত্মহত্যা যদি জায়েজ হতো তাহলে প্রত্যেক ঘরে থেকেই লাশের গন্ধ ভেসে আসতো। ছোট্ট একটা দেশে আল্লাহর এত রহমত থাকা সত্ত্বেও সিন্ডিকেট, দুর্নীতি, বাজারের উর্ধ্বগতি, দেশে গ্যাসের খনি থাকলেও উচ্চ মূল্যে গ্যাস কেনা। দেশের টাকা দেশে নেই, আছে বিদেশি সুইস ব্যাংকে আর বেগম পাড়ায়। স্বাধীন রাষ্ট্রে আমরা এক প্রকার জিম্মি। ধিক্কার জানাই এই রাষ্ট্র ব্যবস্থাকে যেখানে শ্রমের কোনো মূল্য নেই, যেখানে সাধারণ জনগণের দুঃখ-দুর্দশা, দুর্ভোগ ছাড়া আর কিছুই নেই। ধিক্কার জানাই অসাধু, লোভী ব্যবসায়ীদের। হে আল্লাহ আপনার কাছে বিচার দিলাম। পৃথিবীর সকল ভালো মনের মানুষ সর্বদা ভালো থাকুক। আর বাকি মানুষের মনে আল্লাহ তায়ালা সঠিক বুঝ দান করুন। মানুষের প্রতি মানুষের ভালোবাসা বাড়ুক। একে অপরকে মানুষ সম্মান ও শ্রদ্ধা করতে জানুক, কাউকে ছোট করতে নয়। হাডুডু বাংলাদেশের জাতীয় খেলা, তাই সৎভাবে ভালো কাজ করে এগিয়ে গেলেও পা ধরে টানাটানি করে নিচে নামিয়ে দেওয়া এদেশের মানুষের অভ্যাস। ফরমালিনযুক্ত সময়ের আগে অপরিপক্ক ফল-মূল থেকে বিরত থাকুন। ফরমালিন মুক্ত বাংলাদেশ গড়ুন। পাপ বাবকেও ছাড়বে না, কর্মের ফল ভোগ করতেই হবে। ভেজাল মুক্ত দেশ গড়ি, পৃথিবীতে বেঁচে থাকা এবং মৃত্যুর মাঝে ভালো কাজ করি, কল্যাণমূলক কাজ করি, একে অপরকে সহযোগিতা করি, এর দ্বারা মনকে প্রশান্ত করি। আমাদের দেশকে আমরাই রক্ষা করব ইনশাআল্লাহ, প্রত্যেক মুসলিম উম্মাহদের প্রতি অসুস্থ অপমান লাঞ্ছনা বৃথা হতে দেব না। দেশীয় পণ্য কিনে হই ধন্য, দেশের টাকা দেশে রেখে দেশকে করি সমৃদ্ধ, পণ্যের মান বজায় রেখে স্বাস্থ্য সুরক্ষা ও দেশের সুনাম ছড়িয়ে পড়ুক। কট্টরপন্থীদের বয়কট, বর্বর ইসরাইলের পণ্য বয়কট, ভারতীয় পণ্য বয়কট। সকল শিক্ষা প্রতিষ্ঠান থেকে ছাত্র রাজনীতি চিরতরে নিষিদ্ধ করার দাবি জানাই। সোনার টুকরো ছেলে-মেয়েরা মায়ের বুকে বেড়ে উঠুক, সন্তান হারানোর যন্ত্রণা থেকে রেহাই পাক মা-বাবা। সুশিক্ষায় শিক্ষিত হোক, দেশে ও জাতির কল্যাণ বয়ে আনুক। সাধারণ মানুষদের জিম্মি করে ফেলেছে, এখানে প্রশাসন ঘুমিয়ে আছে। ধর্ষকের বিচার চাই, ধর্ষকের মৃত্যুদণ্ড চাই। গাছ লাগান পরিবেশ বাঁচান। বেকারত্বের মতো বিভীষিকাময় দুর্ভিষহ যন্ত্রণা থেকে মুক্তি পাক প্রতিটা ঘরে ঘরে। আত্মনির্ভরশীল হোক প্রিয় মাতৃভূমির মানুষগুলো।",negative,n/a,n/a,low,
এদের মাথায় ডিম ভাঙা দরকার।,negative,n/a,n/a,n/a,
এল।,neutral,n/a,n/a,n/a,
এম।,neutral,n/a,n/a,n/a,
আলহামদুলিল্লাহ।,positive,n/a,n/a,n/a,
কৃষকের কাছ থেকে সরাসরি দেশের বিভিন্ন ছোট/বড় বাজারে সরকারকে সাপ্লাইয়ের ব্যবস্থা করে দিতে হবে। তা না হলে এদের অসাধু ব্যবসায়ী থামানো সম্ভব না। মানুষের মনুষ্যত্ব বলে আর কিছু নেই এখন। মানে এদেরকে থামানোর একটাই সমাধান; কৃষক থেকে দাম নির্ধারণ করে সরাসরি বিক্রেতার কাছে পৌঁছাই দিতে হবে সরকার নির্ধারিত প্রতিনিধিদের সাপ্লাইয়ার হিসাবে। বাজারদর অ্যাপটি খুবই কার্যকরী হবে। কৃষক থেকে সকল সবজির দাম জেনে এই অ্যাপে রেগুলার তালিকা করে দেওয়া থাকবে আর তা ভোক্তারা দেখে বাজার করতে পারবেন খুচরা বিক্রেতার কাছ থেকে। বাজারদর অ্যাপের ডেভেলপারের সাথে উপদেষ্টাদের দ্রুত কথা বলা উচিত।,neutral,n/a,n/a,n/a,
খাদ্যদ্রব্য নিয়ে যারা সিন্ডিকেট করে তাদের সর্বোচ্চ পাঁচ বছর জেল দিতে হবে এবং লাইসেন্স বাতিল করা হোক।,negative,n/a,n/a,n/a,
"বাংলাদেশে ন্যায্যমূল্যে কৃষিপণ্য বিক্রয় কার্যক্রম বাস্তবায়নের জন্য নিম্নলিখিত ধাপে ধাপে কার্যক্রম গ্রহণ করা যেতে পারে: ১. কৃষকের সাথে সরাসরি সংযোগ স্থাপন। কৃষক সমিতি বা সমবায় গঠন: তৃণমূল পর্যায়ে কৃষকদের নিয়ে সমিতি বা সমবায় ভিত্তিক গোষ্ঠী গঠন করতে হবে। এতে করে মধ্যস্বত্বভোগী ছাড়াই সরাসরি কৃষকদের কাছ থেকে পণ্য সংগ্রহ করা যাবে। ডিজিটাল প্ল্যাটফর্ম তৈরি: ফসল ডট কম বা অনুরূপ একটি ডিজিটাল প্ল্যাটফর্ম তৈরি করতে হবে, যেখানে কৃষকরা সরাসরি তাদের পণ্য বিক্রি করতে পারবেন। ২. সরকারি সমর্থন ও সহযোগিতা। সরকারি সহায়তা ও ভর্তুকি: সরকারকে কৃষিপণ্য পরিবহনের জন্য প্রয়োজনীয় ভর্তুকি প্রদান করতে হবে, যাতে পরিবহন খরচ কমে আসে। লজিস্টিক সাপোর্ট: সরকারকে নিরাপত্তা এবং পরিবহন ব্যবস্থাপনার মতো লজিস্টিক সহযোগিতা প্রদান করতে হবে, বিশেষ করে দূরবর্তী এলাকার কৃষকদের জন্য। ন্যায্য বাজারের স্থাপন: সিটি কর্পোরেশন ও পৌরসভা পর্যায়ে নির্দিষ্ট বাজার তৈরি করতে হবে, যেখানে সরকারি নীতি অনুযায়ী ন্যায্যমূল্যে কৃষিপণ্য বিক্রি করা হবে। ৩. বাজার সিন্ডিকেট নিয়ন্ত্রণ। বাজার তদারকি টাস্কফোর্স গঠন: বাজার সিন্ডিকেট এবং অযাচিত মুনাফা নিয়ন্ত্রণের জন্য একটি সরকারি টাস্কফোর্স গঠন করতে হবে, যারা বাজারের তদারকি করবে। শক্তিশালী আইন প্রয়োগ: চাঁদাবাজি, সিন্ডিকেট ও অসাধু ব্যবসায়ীদের বিরুদ্ধে কঠোর আইন প্রয়োগ করতে হবে। ৪. ভোক্তাদের জন্য সুবিধা নিশ্চিতকরণ। পণ্য বিতরণ কেন্দ্র: ঢাকাসহ বড় শহরগুলোতে বিভিন্ন স্থানে পণ্য বিতরণের জন্য নির্দিষ্ট কেন্দ্র বা স্পট তৈরি করতে হবে। এটি জনগণকে সহজেই ন্যায্যমূল্যে পণ্য ক্রয়ের সুযোগ দেবে। মোবাইল শপ বা ভ্রাম্যমাণ দোকান: দূরবর্তী গ্রাম ও শহরের মানুষের জন্য মোবাইল শপ বা ভ্রাম্যমাণ ট্রাকে ন্যায্যমূল্যে পণ্য বিক্রির ব্যবস্থা করা যেতে পারে। ৫. টেকসই সরবরাহ ব্যবস্থা গঠন। সরবরাহ শৃঙ্খলা উন্নয়ন: কৃষিপণ্য উৎপাদন থেকে বাজারজাতকরণ পর্যন্ত একটি কার্যকরী সরবরাহ ব্যবস্থা তৈরি করতে হবে, যাতে কৃষিপণ্য তাজা থাকে এবং সময়মতো বাজারে পৌঁছায়। কোল্ড স্টোরেজ ব্যবস্থাপনা: দ্রুত নষ্ট হয়ে যায় এমন কৃষিপণ্যের জন্য কোল্ড স্টোরেজ সুবিধা বাড়াতে হবে, যাতে দীর্ঘ সময় ধরে পণ্য সংরক্ষণ করা যায়। ৬. সচেতনতা ও প্রশিক্ষণ। কৃষকদের প্রশিক্ষণ: কৃষকদের উৎপাদন খরচ কমানোর জন্য আধুনিক প্রযুক্তি এবং কৃষি পদ্ধতি নিয়ে প্রশিক্ষণ দিতে হবে। ভোক্তা সচেতনতা: ভোক্তাদের মধ্যে ন্যায্যমূল্য এবং পণ্য উৎপাদন সম্পর্কে সচেতনতা বৃদ্ধি করতে হবে, যাতে তারা সচেতনভাবে পণ্য কিনতে পারে। ৭. নিয়মিত মনিটরিং ও মূল্যায়ন। নিয়মিত মূল্যায়ন: পুরো কার্যক্রমের কার্যকারিতা এবং সফলতা নির্ধারণের জন্য নিয়মিতভাবে মূল্যায়ন করতে হবে। বাজার পরিস্থিতি, কৃষকদের চাহিদা এবং ভোক্তাদের সন্তুষ্টি মনিটর করতে হবে। ফিডব্যাক সিস্টেম: কৃষক ও ভোক্তাদের মতামত নিয়ে নিয়মিত উন্নয়নমূলক পদক্ষেপ নিতে হবে। এই স্টেপগুলো অনুসরণ করলে বাংলাদেশে ন্যায্যমূল্যে কৃষিপণ্য বিক্রয় কার্যক্রম সফলভাবে বাস্তবায়ন করা সম্ভব হবে।",neutral,n/a,n/a,n/a,
১. ফিডের দাম কমাতে হবে। ফিডের সিন্ডিকেট ভাঙতে হবে। যারা এই ফিডের সিন্ডিকেটের সাথে জড়িত তাদের ব্যবসার লাইসেন্স বাতিল এবং ব্যাংক অ্যাকাউন্ট ফ্রিজ করতে হবে। ২. ডিমের দাম কারা নিয়ন্ত্রণ করে তাদের ধরতে হবে এবং এই জায়গায় কাজী ফার্মস অন্যতম। কাজী ফার্মসে তদন্ত করার জোর দাবি জানাচ্ছি। দ্রুত ডিমের দাম আট থেকে নয় টাকার মাঝে না নিয়ে আসলে এই সরকারের উপর মানুষ আস্থা হারিয়ে ফেলবে।,negative,n/a,n/a,low,
এদের মতো ব্যবসায়ীদের লাইসেন্স স্থায়ীভাবে বাতিল সহ জেলের ব্যবস্থা করতে হবে। এবং ঐ ব্যক্তি সংশ্লিষ্ট কেউ যাতে আর এই ব্যবসায় না করতে পারে সেই আইন না করলে খাদ্যে শৃঙ্খলা আসবে না। শৃঙ্খলা সত্যিই আসবে না।,negative,n/a,n/a,n/a,
পোল্ট্রি ফিডে যারা অতিরিক্ত চৌদ্দ থেকে পনেরো টাকা কেজিতে মুনাফা করছে তাদেরকে কবে আইনের আওতায় আনা হবে? একটি ডিম হতে বাচ্চা ফুটার পরে তার দাম হয়ে যায় আশি থেকে একশ টাকা। এই অযৌক্তিক মূল্য নির্ধারণ যারা করে এবং পঁচিশ থেকে ত্রিশ টাকার ব্রয়লার বাচ্চাকে যারা পঞ্চাশ থেকে ষাট টাকা দিয়ে বিক্রি করে তারা কি সবাই আইনের উর্ধ্বে?,negative,n/a,n/a,low,
"আমরা খামারিদের ফিড, বাচ্চা, মেডিসিনের সিন্ডিকেট ক্রমাগত শক্তিশালী হয়ে উঠছে, এই দিকে কারো খেয়াল নেই।",negative,n/a,n/a,n/a,
বাংলাদেশ সরকারের চেয়ারে যে বসে সেই লোক কর্পোরেট কোম্পানির সাথে মিলে দুর্নীতি শুরু করে।,negative,n/a,n/a,n/a,
"জাতীয় ভোক্তা-অধিকার সংরক্ষণ অধিদপ্তর, আশুলিয়া অঞ্চলে আজকেও (তারিখ: আঠারো অক্টোবর দুই হাজার চব্বিশ) ডিম তেরো দশমিক পঁচাত্তর টাকা পিস খুচরা বিক্রি হচ্ছে। যেখানে বলা হয়েছে সর্বোচ্চ বারো টাকা খুচরা বাজারে ডিম বিক্রি করতে।",negative,n/a,n/a,low,
বাজার নিয়ন্ত্রণ করতে পারছেন না কেন? প্রতিবন্ধকতা কি? ব্যাখ্যা দিতে হবে।,negative,n/a,slow,n/a,
"প্রাইভেট কোম্পানিগুলোতে কাগজে কলমে কর্মীদের অনেক ছুটি দেখালেও আসলে ছুটি চাইতে গেলে ভাগ্যে মেলে ট্রান্সফার কিংবা ডিমোশন, এ বিষয়ে শ্রম অধিদপ্তর কি ধরনের পদক্ষেপ নেবে, দয়া করে জানাবেন।",negative,n/a,n/a,n/a,
অনলাইনের অভিযোগগুলো দ্রুত দেখুন দয়া করে।,neutral,n/a,fast,n/a,
"মেসার্স কৃষি বীজ ভান্ডার, দোলোগুনী, চিতলমারী, প্রোপ্রাইটর: মতিউর ফারুক শেখ। তিনি এক্সপার্ট এগ্রিকেয়ার ইমপোর্ট অ্যান্ড এক্সপোর্ট লিমিটেডের পণ্য বিক্রি করেন। ঐ কোম্পানির বেশিরভাগ পণ্য মানহীন, নিবন্ধনহীন। তদন্তের অনুরোধ জানাচ্ছি। সেজল, সেটটপ, এটোজিম, সিওজেব আরও অনেক পণ্য নিবন্ধনহীন।",negative,n/a,n/a,n/a,
আল এমরান।,neutral,n/a,n/a,n/a,
ভোক্তা আমি হাসলাম হি হি হি।,negative,n/a,n/a,n/a,
"কোনো মাগির ছেলেরা হা হা দেয়, তোদের পিছনে কি অতিরিক্ত ক্রিমের জমা হয়ে গেছে নাকি, বের করার টেকনিক কিন্তু আমাদের জানা আছে।",negative,n/a,n/a,n/a,
ওদের হাত ধরে বাংলাদেশের মালামাল পূর্ণ দাম কমে যাবে ইনশাআল্লাহ।,positive,n/a,n/a,n/a,
"ঢাকা, গাজীপুর, নারায়ণগঞ্জে উন্মুক্ত বাজার ব্যবস্থা করলে কম দামে কেনাবেচা হবে। আড়তে কাঁচামাল বেচাকেনা বন্ধ করতে হবে।",neutral,n/a,n/a,n/a,
"প্রিয় মহোদয়, সালাম নিবেন। বাসাবো, ঢাকা এলাকায় কয়েক মাস যাবৎ ব্যাপক লোডশেডিং হচ্ছে। সম্প্রতি এই এলাকায় সাপ্তাহিক ছুটির দিন এমনকি যেকোনো সরকারি ছুটির দিনেও ভয়াবহ লোডশেডিং হচ্ছে। আজ শুক্রবার উনিশ অক্টোবর দুই হাজার চব্বিশ তারিখে সারাদিন অসহনীয় লোডশেডিং হচ্ছে। বর্তমানে আমাদের জানামতে দেশের বিদ্যুৎ উৎপাদন অনেক ভালো। তথাপি কেন আমাদের জনগণের এত দুর্ভোগ পোহাতে হচ্ছে? সংশ্লিষ্ট কর্তৃপক্ষের নিকট এই সমস্যা সমাধানের জন্য এলাকাবাসীর পক্ষ থেকে আপনাদের নিকট বিনীত আহ্বান জানাচ্ছি।",negative,n/a,n/a,n/a,
"সবার দৃষ্টি আকর্ষণ করছি। বিগত দিনে আপনারা জানতে পেরেছেন দেশের শীর্ষ ঋণ খেলাপি এস আলম গ্রুপ লক্ষ লক্ষ কোটি টাকা দেশের বাইরে পাচার করেছে। এরই মধ্যে এস আলম গ্রুপ দেশকে অস্তিত্বশীল করার জন্য অনেক ধরনের পাইতারা করছে। এর মধ্যে অন্যতম হলো দেশের নিত্যপণ্যের বাজার অস্থিতিশীল করে তোলে দেশের আঠারো কোটি মানুষকে ভোগান্তিতে ফেলে হাজার হাজার কোটি টাকা হাতিয়ে নিচ্ছে। তাই এরই মধ্যে তার সক্রিয় একটি সিন্ডিকেট গোষ্ঠীকে বাংলাদেশের বৃহৎ পাইকারি বাজার চট্টগ্রাম খাতুনগঞ্জে লেলিয়ে দিয়েছে। এই অসাধু সিন্ডিকেট গোষ্ঠীটি প্রচুর পরিমাণে অবৈধভাবে নিত্য প্রয়োজনীয় খাদ্যপণ্য সাপ্লাই অর্ডার এবং খাদ্যপণ্য মজুদের মাধ্যমে পণ্যের দাম প্রতিনিয়ত অস্বাভাবিকভাবে বাড়িয়ে তুলছে। এই চক্রটি বিগত দশ দিনে পাইকারি বাজারে পাম/সুপার/সয়াবিন তেল মন প্রতি চৌদ্দশ থেকে পনেরোশ টাকা (লিটার প্রতি পঁয়ত্রিশ থেকে চল্লিশ টাকা), চিনি মন প্রতি তিনশ থেকে চারশ টাকা (কেজি প্রতি দশ থেকে পনেরো টাকা) এবং মসল্লা জাতীয় সকল পণ্য কেজি প্রতি সাতশ থেকে আটশ টাকা পর্যন্ত বাড়িয়েছে যেটার প্রভাব অতি শীঘ্রই খুচরা পর্যায়ে পড়বে বলে অনুমান করা হচ্ছে। এছাড়া এই অসাধু সিন্ডিকেটটি অনেকদিন ধরে আটা-ময়দা, গম, চিনির বাজার ঊর্ধ্বমুখী করে রেখেছে। এতে করে দেশের নিম্ন আয়ের মানুষ এবং সর্বসাধারণ জনগণ জীবনযাত্রায় দ্রব্যমূল্যের ঊর্ধ্বগতির কারণে প্রতিনিয়ত হিমশিম খাচ্ছে। এছাড়া এই দুষ্কৃতিকারী চক্রটি বিভিন্নভাবে ব্যাংক থেকে লোন নিয়ে বিগত কয়েক মাসে দেড় হাজার কোটি টাকার বেশি দেশের বাইরে পাচার করেছে। তাই অতি দ্রুত ছাত্র-জনতা, প্রশাসন এবং সেনাবাহিনী একত্রে মিলিত হয়ে এই অসাধু সিন্ডিকেটটি ভেঙে দিয়ে এদের আইনের আওতায় আনা অত্যন্ত প্রয়োজন। বিঃদ্রঃ - মাঝিরঘাট এবং খাতুনগঞ্জে কয়েকটি মার্কেটের ভেতরে বড় বড় অনেকগুলো গোডাউন রয়েছে, প্রায় সময় এই সিন্ডিকেট ব্যবসায়ীরা পণ্যগুলো ওখানে মজুদ করে পুরো বাংলাদেশের এইসব পণ্যের দাম নিয়ন্ত্রণ করে থাকে।",negative,n/a,n/a,low,
সকল জনগণ সরকারি স্থানগুলোতে বাজার করুন। সিন্ডিকেট এমনিতেই ভেঙে যাবে। ইনশাআল্লাহ।,positive,n/a,n/a,n/a,
"একমাত্র সংখ্যানুপাতিক প্রতিনিধিত্ব পদ্ধতিতে নির্বাচন ও সংসদ ব্যবস্থা চালু হলে এসব সমস্যার সমাধান সহজেই সম্ভব। দানব থেকে মানবিক বাংলাদেশ গঠনে পিআর পদ্ধতি একটা ম্যাজিক। আমেরিকা, ইউরোপের শতাধিক দেশ এই পদ্ধতি ব্যবহার করে সবচেয়ে আধুনিক দেশ হিসেবে আজ মাথা উঁচু করে দাঁড়িয়ে আছে। যদি একশ ভাগ গণচাওয়াকে প্রাধান্য দিয়ে আগামী জাতীয় সংসদ নির্বাচন চান তবে সংখ্যানুপাতিক পদ্ধতি",positive,n/a,n/a,n/a,
খুব তাড়াতাড়ি দ্রব্য মূল্য নিয়ন্ত্রণে কার্যকর পদক্ষেপ গ্রহণ করুন। মানুষ অতিষ্ট হয়ে যাচ্ছে।,negative,n/a,slow,n/a,
কাঁচা মরিচের দাম তো দেখি আগের মতোই আছে তাহলে আমদানি করে লাভ কী? ৩৬০ টাকা কেজি।,negative,n/a,n/a,low,
এসব ফাজলামো ছাড়া আর কিছু না।,negative,n/a,n/a,n/a,
"আসলেই কি নিত্যপ্রয়োজনীয় দ্রব্যের চড়া দামের কারণ সিন্ডিকেট? মানছি সিন্ডিকেট দায়ী। কিন্তু আরও কতগুলো কারণ আছে যেগুলো আমাদের অনুধাবন করা উচিত। ডলার দাম বৃদ্ধি: যে ডলার রেট ছিল ২০২০ সালে ৮৪ টাকা আজ তা ১২০ টাকা। অর্থাৎ ধরুন, আমি ২০২০ সালে ৮৪ টাকা দিয়ে যে পেঁয়াজ বিদেশ থেকে আনছি আজ সেই পেঁয়াজ আনতে গুনতে হচ্ছে ১২০ টাকা। তাহলে আমি কি ১২০ টাকার নিচে বিক্রি করব? সার ও কীটনাশক দাম বৃদ্ধি: ২০২০ সালেও রাসায়নিক সার ছিল ১০-১২ টাকা কেজির ভিতর। কিন্তু আজ সেই রাসায়নিক সার ৩০ টাকা প্রতি কেজি। ফসল উৎপাদন করতে যে কত শত কেজি রাসায়নিক সারের দরকার হয় কৃষক ছাড়া আর কে বুঝবে? ডলার দাম বৃদ্ধি কারণে কীটনাশক দামও ডাবল বেড়ে গেছে। তাই কৃষকরা কি কম দামে বিক্রি করবে? জমি লিজ ও আবহাওয়া: ৩ বছর আগেও ১ বিঘা জমি লিজ ছিল ১২০০০ টাকা। আজ তা ৪০০০০ টাকা বিঘা। অতিরিক্ত কৃষকের কত ক্ষতি। আর অতি বৃষ্টি তো লেগেই থাকে। বন্যা তো আছেই। ভালো বীজের ঘাটতি: ভারতে বিঘা প্রতি ফলন ডাবল হয় ভালো বীজের কারণে। কিন্তু এদেশে ভালো বীজ থাকলেও প্রচুর দাম। শ্রমিক মূল্য ও সেচ ও চাষ: ৩-৪ বছর আগেও মাঠের শ্রমিক মূল্য ছিল ২৫০ টাকা। আজ ৫০০-৭০০ টাকা। পানি সেচ ও চাষ খরচ ডাবল করেছে। পরিশেষ, একটা কথা বলব। বাজার মনিটরিং থেকে বেশি দরকার এই সমস্যাগুলোর সমাধান করা। তবেই দাম কমবে নিত্যপ্রয়োজনীয় খাবারের।",neutral,n/a,n/a,low,
"আপনাদেরকে বারবার বলছি জরিমানা করলে হবে না, সঙ্গে জেল দিতে হবে, অন্যথায় এই চক্রকে রোধ করা কঠিন হবে আপনাদের প্রচেষ্টা ব্যর্থ হবে।",negative,n/a,n/a,n/a,
টাঙ্গাইল থেকে সবকিছু বেচে কিনে ঢাকায় গিয়ে বাসা ভাড়া করে থাকবো।,neutral,n/a,n/a,n/a,
খুবই সময়োপযোগী পদক্ষেপ। জাযাকাল্লাহ।,positive,n/a,n/a,n/a,
"মেসার্স কৃষি বীজ ভান্ডার, দোলোগুনী, চিতলমারী, প্রোপ্রাইটর: মতিউর ফারুক শেখ। তিনি এক্সপার্ট এগ্রিকেয়ার ইমপোর্ট অ্যান্ড এক্সপোর্ট লিমিটেডের পণ্য বিক্রি করেন। ঐ কোম্পানির বেশিরভাগ পণ্য মানহীন, নিবন্ধনহীন। তদন্তের অনুরোধ জানাচ্ছি। সেজল, সেটটপ, এটোজিম, সিওজেব আরও অনেক পণ্য নিবন্ধনহীন।",negative,n/a,n/a,n/a,
প্রতিবাদ ট্রাকের লোকেশন মোবাইলে যেন দেখা যায়।,neutral,n/a,n/a,n/a,
আপনারা কারণ বাজারে ভালো করে অভিযান চালান না পারলে আমাদেরকে দায়িত্ব দেন জাতীয় ভোক্তা-অধিকার সংরক্ষণ অধিদপ্তর।,negative,n/a,slow,n/a,
"আকর্ষণীয় প্যাকেজে ওমরাহ বুকিং চলছে। বিস্তারিত: ০১৮১৮৩০৪৯৬২। হজ্জ ২০২৫ প্রাক নিবন্ধন চলছে। নিবন্ধন ফি: ৩০০০০ টাকা। প্যাকেজে: ইকোনমি, স্টান্ডার্ড এবং ভিআইপি প্যাকেজের সুবিধা। প্যাকেজে যা থাকছে: হজ্জ প্রশিক্ষণ, ভিসা, টিকেট, হোটেল, খাবার, ট্রান্সপোর্ট, জিয়ারাহ, সিটি ট্যুর, হেলথ ইন্সুরেন্স ইত্যাদি। ধন্যবাদান্তে: আল ইসলাম হজ্জ অ্যান্ড ওমরাহ গ্রুপ, ৪৫ পুরানা পল্টন, ঢাকা।",neutral,n/a,n/a,n/a,
ভালো উদ্যোগ।,positive,n/a,n/a,n/a,
খুব ভালো।,positive,n/a,n/a,n/a,
"সিন্ডিকেটের কাছে কি রাষ্ট্র হেরে যাবে? রাষ্ট্রের উপদেষ্টাদের দ্বারা কি সিন্ডিকেট নির্মূল করা সম্ভব নয়? আমজনতাকে মাঠে নামতে হবে। যেখানে সিন্ডিকেটধারী পাওয়া যাবে সেখানেই ওদের ধরে গাছে বেঁধে সারাদিন ওই পণ্য ওদের খাওয়াতে হবে। মুখ বুজে সহ্য করলে এদেশে ফেরাউন ব্যবসা শুরু হবে তাই সবাইকে শক্ত প্রতিরোধ গড়তে হবে। অতি দ্রুত সিন্ডিকেট নির্মূল করুন। জরিমানা নয় কারাদণ্ডে দণ্ডিত করুন। বৈষম্য বিরোধী ছাত্র আন্দোলনের ছাত্র-জনতার দ্রুত উন্নত চিকিৎসার ব্যবস্থা করুন। ব্যক্তি পূজায় লিপ্ত না হয়ে অন্যায়কে অন্যায় এবং ন্যায়কে ন্যায় বলার সৎ সাহস থাকতে হবে। আল্লাহ তায়ালা ছাড় দেন কিন্তু ছেড়ে দেন না। দেশ স্বাধীন হওয়ার আগের মন্তব্য আর এখনও একই দাবি। বাসের যাত্রীরা ১০ জনের বেশি দাঁড়িয়ে যেতে পারবে না। বাসের সংস্কার চাই এটাই দাবি। রাষ্ট্রের সংস্কার চাই। মৃত্যু আর আত্মহত্যা যদি জায়েজ হতো তাহলে প্রত্যেক ঘরে থেকেই লাশের গন্ধ ভেসে আসতো। ছোট্ট একটা দেশে আল্লাহর এত রহমত থাকা সত্ত্বেও সিন্ডিকেট, দুর্নীতি, বাজারের উর্ধ্বগতি, দেশে গ্যাসের খনি থাকলেও উচ্চ মূল্যে গ্যাস কেনা। দেশের টাকা দেশে নেই, আছে বিদেশি সুইস ব্যাংকে আর বেগম পাড়ায।স্বাধীন রাষ্ট্রে আমরা এক প্রকার জিম্মি। ধিক্কার জানাই এই রাষ্ট্র ব্যবস্থাকে যেখানে শ্রমের কোনো মূল্য নেই, যেখানে সাধারণ জনগণের দুঃখ-দুর্দশা, দুর্ভোগ ছাড়া আর কিছুই নেই। ধিক্কার জানাই অসাধু, লোভী ব্যবসায়ীদের। হে আল্লাহ আপনার কাছে বিচার দিলাম। পৃথিবীর সকল ভালো মনের মানুষ সর্বদা ভালো থাকুক। আর বাকি মানুষের মনে আল্লাহ তায়ালা সঠিক বুঝ দান করুন। মানুষের প্রতি মানুষের ভালোবাসা বাড়ুক। একে অপরকে মানুষ সম্মান ও শ্রদ্ধা করতে জানুক কাউকে ছোট করতে নয়। হাডুডু বাংলাদেশের জাতীয় খেলা, তাই সৎভাবে ভালো কাজ করে এগিয়ে গেলেও পা ধরে টানাটানি করে নিচে নামিয়ে দেওয়া এদেশের মানুষের অভ্যাস। ফরমালিনযুক্ত সময়ের আগে অপরিপক্ক ফল-মূল থেকে বিরত থাকুন। ফরমালিন মুক্ত বাংলাদেশ গড়ুন। পাপ বাবকেও ছাড়বে না। কর্মের ফল ভোগ করতেই হবে। ভেজাল মুক্ত দেশ গড়ি, পৃথিবীতে বেঁচে থাকা এবং মৃত্যুর মাঝে ভালো কাজ করি, কল্যাণমূলক কাজ করি, একে অপরকে সহযোগিতা করি। এর দ্বারা মনকে প্রশান্ত করি। আমাদের দেশকে আমরাই রক্ষা করব ইনশাআল্লাহ, প্রত্যেক মুসলিম উম্মাহদের প্রতি অসুস্থ অপমান লাঞ্ছনা বৃথা হতে দেব না। দেশীয় পণ্য কিনে হই ধন্য, দেশের টাকা দেশে রেখে দেশকে করি সমৃদ্ধ, পণ্যের মান বজায় রেখে স্বাস্থ্য সুরক্ষা ও দেশের সুনাম ছড়িয়ে পড়ুক। বয়কট কট্টরপন্থীদের বয়কট। বর্বর ইসরাইলের পণ্য বয়কট। বয়কট ভারতীয় পণ্য বয়কট। সকল শিক্ষা প্রতিষ্ঠান থেকে ছাত্র রাজনীতি চিরতরে নিষিদ্ধ করার দাবি জানাই। সোনার টুকরো ছেলে-মেয়েরা মায়ের বুকে বেড়ে উঠুক, সন্তান হারানোর যন্ত্রণা থেকে রেহাই পাক মা-বাবা। সুশিক্ষায় শিক্ষিত হোক, দেশে ও জাতির কল্যাণ বয়ে আনুক। সাধারণ মানুষদের জিম্মি করে ফেলেছে। এখানে প্রশাসন ঘুমিয়ে আছে। ধর্ষকের বিচার চাই, ধর্ষকের মৃত্যুদণ্ড চাই। গাছ লাগান পরিবেশ বাঁচান। বেকারত্বের মতো বিভীষিকাময় দুর্ভিষহ যন্ত্রণা থেকে মুক্তি পাক প্রতিটা ঘরে ঘরে। আত্মনির্ভরশীল হোক প্রিয় মাতৃভূমির মানুষগুলো।",negative,n/a,n/a,low,
সরকার এবং প্রশাসনের সম্পূর্ণ ব্যর্থতা। মিডিয়াও চুপ করে আছে। প্রতি পিস ডিমের দাম হওয়া উচিত ৬ টাকা। সরকার কেন এখনও সিন্ডিকেট নিয়ন্ত্রণ করছে না। বিতরণকারী এবং আমদানিকারক কোথায়? কেন প্রশাসনের লোকজন শুধু খুচরা বিক্রেতা এবং গ্রাহকদের কাছে যায়?,negative,n/a,slow,low,
চট্টগ্রামে ডিমের দাম এখনও ১৬০ টাকা নেয়। দোকানদারের নাম্বার দিয়ে দিলাম আপনারা দোকান মালিকের বিচার করেন ওনার নাম্বার ০১৮১৩২২৫৮৯১।,negative,n/a,n/a,low,
দয়া করে আপনারা বাচ্চা এবং ফিডের দাম কমাতে কাজ করেন। করপোরেট কোম্পানির দিকে একটু নজর দেন। বাচ্চার দাম এবং ফিডের দাম কমালে ডিমের দাম এমনিতেই কমে যাবে।,neutral,n/a,n/a,n/a,
"তুলনামূলকভাবে এখনও ডিমের দাম কমেনি, আপনাদের আরও কঠোর হতে হবে।",negative,n/a,slow,low,
ইসলামপুর উপজেলায় কোনো অভিযান হয় না। সব পণ্যের দ্বিগুণ মূল্য নেয়। এখানে অভিযান চালানো হোক।,negative,n/a,slow,low,
"ভাই আপনারা শুধু কাওরান বাজারে নিয়ে পড়ে আছেন। অথচ প্রতিটা মহল্লায় গলিতে বাজারে ৬০ টাকা হালি ডিম, এক টাকাও কম নেই। গতকাল আমি ৫ থেকে ৬টি দোকান ঘুরেছি কিন্তু সবার দাম একই। এইটা বলে, এই দাম হলে নেন না হলে যান।",negative,n/a,n/a,low,
আজ সোমবার ৫৫ টাকা হালি ডিম কিনেছি নবাবগঞ্জ বাজার থেকে ঢাকা লালবাগ। আর ৪৮ টাকা হালি ডিম শুধু ফেসবুক থেকে কেনা যায় বাস্তবে না।,negative,n/a,n/a,low,
"ভোক্তাদের উপকারের জন্য ভোক্তা অধিদপ্তর। বাজারে এদের কোনো প্রভাবই নাই। জিনিসপত্রের দাম বেড়েই চলছে কোনো নিয়ন্ত্রণ নাই। লোক দেখানো ভিডিও করে, যদিও প্রথম দিকে ভিডিওগুলো ভালো লাগতো এখন বিরক্ত লাগে।",negative,low,slow,n/a,
মিরপুর সাড়ে ১১ দোয়ারি পাড়া বাজারের আশপাশের দোকানে এখনও ১৭০ টাকা ডজন ডিম বিক্রি হচ্ছে জাতীয় ভোক্তা-অধিকার সংরক্ষণ অধিদপ্তর।,negative,n/a,n/a,low,
"আমার ভাইকে বললাম ডিম যদি বেশি দাম নেয়, ভোক্তা অধিকারকে কল দেন না কেন, সে বলে যারা ডেইলি ১ ডজন কিনে তারা তো কল দেয় না, আমি কিনি এক হালি, আমি ভোক্তা অধিকারকে কল দিয়ে কি দোকানদারের শত্রু হব? আমার কথা হলো: আপনি একটা ডিম কিনলেও টাকা দিয়ে কিনছেন, আপনাকে রশিদ দিতে হবে দোকানদার, আর সরাসরি কল না দিতে পারলে, গোপনে কল দেন, শুধু লোকেশন আর দোকানের নাম বলেন, ভোক্তা অধিকার আপনার পরিচয় গোপন রাখবে আমার বিশ্বাস, আপনি যদি রশিদ না নেন দোকানদার থেকে তাহলে দোকানদারের সাথে আপনিও অপরাধী আইনের ধারায়, আপনি বলবেন ভুল করেছেন, কিন্তু ওই সময় আর আপনার কোনো অজুহাত চলবে না, শুধু ডিমের খাতিরে না, যেকোনো জায়গায় আপনার থেকে কোনো কিছু বেশি টাকা নিলে রশিদ চাইবেন, না দিলে সরাসরি কল দিবেন। দুর্নীতিবাজের কোনো স্থানেই ঠাঁই নেই, ইনশাআল্লাহ আমরা সুন্দর একটা বাংলাদেশ চাই, তবে আমি আপনি নিজেকে ঠিক করতে হবে আগে, জাতীয় ভোক্তা অধিকার নাম্বার: ১৬১২১। ধন্যবাদ ভোক্তা অধিকারকে।",positive,n/a,fast,n/a,
ভাই দয়া করে সিলেটে অভিযান চালান সব জিনিসপত্রের দাম বেশি।,negative,n/a,slow,n/a,
স্যার লালবাগ থানা দিন আজিমপুর কাচা বাজারে ডিম ষাট টাকা হালি শাকসবজিতে হাত দেওয়া যায় না আগুন যদি একবার এসে পর্যবেক্ষণ করতেন তাহলে বুঝতেন বাজারের কী অবস্থা, negative, n/a, n/a, n/a,
খামারে খোঁজ নেওয়া দরকার ডিম কেন মুরগি কম পাড়ছে, neutral, n/a, n/a, n/a,
গতকাল রাত থেকে আপনাদের হটলাইনে কল দিচ্ছি কল যাচ্ছে না, negative, n/a, slow, n/a,
আড়তদারেরা এবং দালালেরা দাম নিয়ন্ত্রণ করছে তাদের বিরুদ্ধে আপনাদের তৎপরতা আমরা কামনা করছি, negative, n/a, n/a, n/a,
নন্দীপাড়া দুটি পাইকারি ডিমের দোকান আছে আজ উনারা এক ডজন ডিমের দাম নিচ্ছে একশো ষাট টাকা, negative, n/a, n/a, n/a,
আরে ম্যাডাম এত মিষ্টি করে বলে ওদের কিছু হবে না সরাসরি ব্যবস্থা নিতে হবে, negative, n/a, n/a, n/a,
অনেক সুন্দর হয়েছে ভিডিও অনেক অনেক ভালোবাসা রইলো ভাই যাদের সক্রিয় অনুসারী দরকার তাদের আমন্ত্রণ রইলো, positive, n/a, n/a, n/a,
লক্ষ্মীপুর চন্দ্রগঞ্জ বাজারে অভিযান চালানোর জন্য অনুরোধ করলাম, negative, n/a, n/a, n/a,
শুধু ডিম নিয়ে পড়ে থাকেন সবজির বাজারে আগুন দরিদ্র কৃষকের ত্রিশ চল্লিশ টাকার সবজি হাতবদল হয়ে একশো একশো বিশ টাকায় বাজারে বিক্রি হচ্ছে, negative, n/a, n/a, n/a,
দুই হাজার টাকা জরিমানা হাসি পাচ্ছে এদের কে চাকরি দিয়েছে মাথায় কিছু নেই, negative, n/a, n/a, n/a,
এক দুই বার সতর্ক করার পরেও যদি কেউ না মানে তাহলে সোজা কথা না বলে জরিমানা করেন সাথে দুই তিন মাসের জেল হাজতে প্রেরণ করেন এটাই উপযুক্ত, negative, n/a, n/a, n/a,
রাজশাহী লক্ষ্মীপুর কাঁচাবাজারে আপনাদের ভোক্তা অধিদপ্তরের কোনো অভিযান দেখতে পাওয়া যায় না কেন, negative, n/a, n/a, n/a,
আপনাদেরকে বারবার বলছি জরিমানা করলে হবে না সাথে জেল দিতে হবে অন্যথায় এই চক্রকে রোধ করা কঠিন হবে আপনাদের প্রচেষ্টা ব্যর্থ হবে, negative, n/a, n/a, n/a,
পঞ্চাশ হাজার থেকে এক লাখ টাকা জরিমানা করেন তাহলে ঠিক হয়ে যাবে এইসব অসৎ ব্যবসায়ীরা, negative, n/a, n/a, n/a,
উপদেষ্টা মহোদয়গণ দয়া করে বাজারে যান দেখুন বাজারে আগুন লেগেছে আগুন নেভানোর দ্রুত ব্যবস্থা নিন অন্যথায় এই আগুন ছড়িয়ে পড়বে অন্যত্র, negative, n/a, n/a, n/a,
ভালোভাবে জরিমানা করতে হবে তা না হলে এরা ঠিক হবে না, negative, n/a, n/a, n/a,
ডিম একশো চুয়াত্তর টাকা ডজন, negative, n/a, n/a, n/a,
আরো কমাতে হবে দাম ম্যাডাম, negative, n/a, n/a, n/a,
মেসার্স কৃষি বীজ ভান্ডার দোলোগুনী চিতলমারী প্রোপ্রাইটর মতিউর রহমান শেখ তিনি বিশেষ কৃষি আমদানি ও রপ্তানি লিমিটেড এর পণ্য বিক্রি করেন ঐ কোম্পানির বেশিরভাগ পণ্য মানহীন নিবন্ধনহীন তদন্তের অনুরোধ জানাচ্ছি, negative, n/a, n/a, low,
দোয়া রইল যেন দ্রুত কার্যকর হয়, positive, n/a, n/a, n/a,
ভোক্তা অধিকার টিমকে অনেক অনেক ধন্যবাদ, positive, n/a, n/a, n/a,
চলমান সকল বিজ্ঞপ্তি একসাথে দেখতে চাইলে যোগদান করতে পারেন, neutral, n/a, n/a, n/a,
সিন্ডিকেটের কাছে কী রাষ্ট্র হেরে যাবে রাষ্ট্রের উপদেষ্টাদের দ্বারা কী সিন্ডিকেট নির্মূল করা সম্ভব নয়, negative, n/a, n/a, n/a,
আমজনতাকে মাঠে নামতে হবে যেখানে সিন্ডিকেটধারী পাওয়া যাবে সেখানেই ওদের ধরে গাছে বেঁধে সারাদিন ওই পণ্য ওদের খাওয়াতে হবে, negative, n/a, n/a, n/a,
মুখ বুজে সহ্য করলে এদেশে ফেরাউন ব্যবসা শুরু হবে তাই সবাইকে শক্ত প্রতিরোধ গড়তে হবে, negative, n/a, n/a, n/a,
অতি দ্রুত সিন্ডিকেট নির্মূল করুন জরিমানা নয় কারাদণ্ডে দণ্ডিত করুন, negative, n/a, n/a, n/a,
বৈষম্য বিরোধী ছাত্র আন্দোলনের ছাত্র জনতার দ্রুত উন্নত চিকিৎসার ব্যবস্থা করুন, negative, n/a, n/a, n/a,
ব্যক্তি পূজায় লিপ্ত না হয়ে অন্যায়কে অন্যায় এবং ন্যায়কে ন্যায় বলার সৎ সাহস থাকতে হবে, positive, n/a, n/a, n/a,
আল্লাহ তায়ালা ছাড় দেন কিন্তু ছেড়ে দেন না, neutral, n/a, n/a, n/a,
দেশ স্বাধীন হওয়ার আগের মন্তব্য আর এখনো একই দাবি, neutral, n/a, n/a, n/a,
বাসের যাত্রীরা দশ জনের বেশি দাঁড়িয়ে যেতে পারবে না বাসের সংস্কার চাই এটাই দাবি, negative, n/a, n/a, n/a,
রাষ্ট্রের সংস্কার চাই, negative, n/a, n/a, n/a,
মৃত্যু আর আত্মহত্যা যদি জায়েজ হতো তাহলে প্রত্যেক ঘরে থেকেই লাশের গন্ধ ভেসে আসতো, negative, n/a, n/a, n/a,
ছোট্ট একটা দেশে আল্লাহর এত রহমত থাকা সত্ত্বেও সিন্ডিকেট দুর্নীতি বাজারের উর্ধ্বগতী দেশে গ্যাসের খনি থাকলেও উচ্চ মূল্যে দিয়ে গ্যাস কেনা, negative, n/a, n/a, n/a,
দেশের টাকা দেশে নাই আছে বিদেশি সুইচ ব্যাংকে আর বেগম পাড়ায়, negative, n/a, n/a, n/a,
স্বাধীন রাষ্ট্রে আমরা এক প্রকার জিম্মি, negative, n/a, n/a, n/a,
ধিক্কার জানাই এই রাষ্ট্র ব্যবস্থাকে যেখানে শ্রমের কোন মূল্য নেই যেখানে সাধারণ জনগণের দুঃখ দুর্দশা দুর্ভোগ ছাড়া আর কিছুই নেই, negative, n/a, n/a, n/a,
ধিক্কার জানাই অসাধু লোভী ব্যবসায়ীদের হে আল্লাহ আপনার কাছে বিচার দিলাম, negative, n/a, n/a, n/a,
পৃথিবীর সকল ভালো মনের মানুষ গুলো সর্বসময় ভালো থাকুক, positive, n/a, n/a, n/a,
বাকি মানুষগুলোর মনে আল্লাহ তায়ালা সঠিক বুঝ দান করুন, positive, n/a, n/a, n/a,
মানুষের প্রতি মানুষের ভালোবাসা বাড়ুক, positive, n/a, n/a, n/a,
একে অপরকে মানুষ সম্মান ও শ্রদ্ধা করতে জানুক কাউকে ছোট করতে নয়, positive, n/a, n/a, n/a,
হাডুডু বাংলাদেশের জাতীয় খেলা তাই সৎভাবে ভালো কাজ করে এগিয়ে গেলেও পা ধরে টানাটানি করে নিচে নামিয়ে দেয়া এদেশের মানুষের অভ্যাস, negative, n/a, n/a, n/a,
ফরমালিন যুক্ত সময়ের আগে অপরিপক্ক ফল মূল থেকে বিরত থাকুন ফরমালিন মুক্ত বাংলাদেশ গড়ুন, positive, n/a, n/a, n/a,
পাপ বাবকেও ছাড়বে না কর্মের ফল ভোগ করতেই হবে, negative, n/a, n/a, n/a,
ভেজাল মুক্ত দেশ গড়ি পৃথিবীতে বেঁচে থাকা এবং মৃত্যুর মাঝে ভালো কাজ করি কল্যাণমূলক কাজ করি একে অপরকে সহযোগিতা করি এর দ্বারা মনকে প্রশান্ত করি, positive, n/a, n/a, n/a,
আমাদের দেশকে আমরাই রক্ষা করব প্রত্যেক মুসলিম উম্মাহদের প্রতি অসুস্থ অপমান লাঞ্ছনা বৃথা হতে দেব না, positive, n/a, n/a, n/a,
দেশীয় পণ্য কিনে হই ধন্য দেশের টাকা দেশে রেখে দেশকে করি সমৃদ্ধ পণ্যের মান বজায় রেখে স্বাস্থ্য সুরক্ষা ও দেশের সুনাম ছড়িয়ে পড়ুক, positive, n/a, n/a, n/a,
কট্টরপন্থীদের বর্জন করুন, negative, n/a, n/a, n/a,
ইসরাইলের পণ্য বর্জন করুন, negative, n/a, n/a, n/a,
ভারতীয় পণ্য বর্জন করুন, negative, n/a, n/a, n/a,
সকল শিক্ষা প্রতিষ্ঠান থেকে ছাত্র রাজনীতি চিরতরে নিষিদ্ধ করার দাবি জানাই, negative, n/a, n/a, n/a,
সোনার টুকরোর ছেলে মেয়েরা মায়ের বুকে বেড়ে উঠুক সন্তান হারানোর যন্ত্রণা থেকে রেহাই পাক মা বাবা, positive, n/a, n/a, n/a,
সুশিক্ষায় শিক্ষিত হোক দেশে ও জাতির কল্যাণ বয়ে আনুক, positive, n/a, n/a, n/a,
সাধারণ মানুষদের জিম্মি করে ফেলেছে এখানে প্রশাসন ঘুমিয়ে আছে, negative, n/a, n/a, n/a,
ধর্ষকের বিচার চাই ধর্ষকের মৃত্যুদণ্ড চাই, negative, n/a, n/a, n/a,
গাছ লাগান পরিবেশ বাঁচান, positive, n/a, n/a, n/a,
বেকারত্বের মত বিভীষিকাময় দুর্ভিসহ যন্ত্রণা থেকে মুক্তি পাক প্রতিটা ঘরে ঘরে আত্মনির্ভরশীল হোক প্রিয় মাতৃভূমির মানুষগুলো, positive, n/a, n/a, n/a,
কুর্মিটোলা জেনারেল হাসপাতালের ক্যান্টিনে প্লাস্টিকের কাপে চা বিক্রি করে আমি বলাতে তারা আমাকে উত্তর দেয় যে খেলে খান না হলে ফেলে দিন অথবা কাউন্টারে জানান সেখানে জানালে তারা আমাকে বলে যে সবাই খাচ্ছে সমস্যা কী, negative, n/a, n/a, n/a,
ডিমের দাম কমানোর আগে মুরগীর বাচ্চা খাবার ঔষধের দাম কমানো দরকার দেশে বন্যা পরিস্থিতির কারণে ডিম সবজির দাম একটু বাড়ছে আপনাদের অনুরোধ করে বলছি একবার বড় বড় ফিড কোম্পানি ঔষধ কোম্পানিগুলোতে অভিযান চালিয়ে দেখেন, negative, n/a, n/a, n/a,
আমরা বাঙালি জাতি আমরা গরীব ও অসহায় তাই আমরা দুর্নীতি থেকে বাঁচতে চাই, negative, n/a, n/a, n/a,
খিলখেত বাজারে আপডেট ডিম ষাট টাকা হালি বেগুন একশো বিশ একশো চল্লিশ টাকা কেজি কাঁচা মরিচ দুইশো ষাট টাকা কেজি পটল একশো বিশ টাকা কেজি পেঁপে চল্লিশ টাকা কেজি লাউ নব্বই একশো টাকা পিস পেঁয়াজ একশো সত্তর টাকা কেজি ফুলকপি আধা কেজি আশি টাকা কচুর লতি একশো টাকা কেজি আলু সত্তর টাকা কেজি এদের কিছু বললে সব দোকানদার মিলে মারতে আসে এদের আইনের আওতায় আনার আহ্বান জানাচ্ছি একটা দোকানে মূল্য তালিকা নেই, negative, n/a, n/a, n/a,
অভিযানে নামার আগে বাজার কমিটির সভাপতিকে সাথে নিয়ে অভিযান করলে আরও ফলপ্রসূ হবে, positive, n/a, n/a, n/a,
অসংখ্য ধন্যবাদ জাতীয় ভোক্তা অধিকার সংরক্ষণ অধিদপ্তরের সকল সদস্যদের। বাংলাদেশের স্বনামধন্য প্রতারক ব্যবসায়ী, প্রতারণা করাই হলো বাংলাদেশের ব্যবসা," যে যত ভালো প্রতারণা করবে বা করতে পারবে সে তত বড় ব্যবসায়ী। যাই হোক সকল অভিযোগ রাব্বে কারিমের দরবারে।""",positive,n/a,N/A
স্যার আপনারা ঢাকা দোহারের জয়পাড়া বাজারে আসবেন এখানে ডিমের দাম অনেক বেশি রাখে।,negative,n/a,n/a,low,
চট্টগ্রাম সীতাকুণ্ডে কি আপনারা দেখেন এখানে সবই সিন্ডিকেট আমরা এখানে কিছুই বলতে পারি না। আজও ১২ টাকা পিস ১৬০ টাকা ডজন।,negative,n/a,n/a,low,
আজকেও ১৩ টাকা পিস ছিল।,negative,n/a,n/a,low,
,positive,n/a,n/a,n/a,
,positive,n/a,n/a,n/a,
ইসলাম তাওহিদ।,neutral,n/a,n/a,n/a,
শামীম সুরিদ।,neutral,n/a,n/a,n/a,
আজ ২০/১০/২০২৪ ইং তারিখ রাত ৭ টার সময় কুমিল্লা সিটি করপোরেশনের রানীর বাজার থেকে ডিম কিনলাম ১২ পিস ১৬০ টাকা। তাহলে সরকার নির্ধারিত মূল্যে কীভাবে রাখলো।,negative,n/a,n/a,low,
,neutral,n/a,n/a,n/a,
এগুলো সাধারণ মানুষের সাথে মশকরা ছাড়া আর কিছুই না। মানুষকে দেখানোর জন্য এই ধরনের ভিডিও না করে যথার্থভাবে কাজ করুন এবং বাংলাদেশের প্রতিটা বাজারে জিনিসপত্রের দাম যেন সহনীয় থাকে সেই কাজ করুন। লোক দেখানো এইসব ভেলকিবাজি বাদ দিন। জনগণ এতটা বোকা না।,negative,n/a,slow,n/a,
"দোকান সিল করে দিন, কিসের ওদের সাথে বকবক।",negative,n/a,n/a,n/a,
"২০০০ এটা কেমন জরিমানা নাকি ফাজলামি, সরকারের বেঁধে দেওয়া দামের থেকে এক পয়সা বেশি নিলে সর্বনিম্ন ১ লাখ টাকা জরিমানা করা হোক।",negative,n/a,n/a,n/a,
"আমি তো ভয় পেয়ে গেছিলাম, উনার ডিম মানে।",negative,n/a,n/a,n/a,
"জাতীয় ভোক্তা-অধিকার সংরক্ষণ অধিদপ্তর আগে মূল জায়গাগুলোতে অভিযান চালান যেখান থেকে এরা ক্রয় করে নিয়ে আসে। হাজারীবাগ, রায়ের বাজার সহ মোহাম্মদপুর ও ঢাকার পাশাপাশি অঞ্চলের বাজারও নিয়ন্ত্রণের বাইরে। কেরানীগঞ্জের আটি বাজারও অতিরিক্ত দামে বিক্রি চলছে ডিম, সবজি থেকে শুরু করে সব কিছুই।",negative,n/a,slow,low,
"জাতীয় ভোক্তা-অধিকার সংরক্ষণ অধিদপ্তর - নিকট আবেদন রইল শুধু পাইকারদের জরিমানা করলে হবে না। আপনাদের উচিত মুরগির খাবারের দাম কমিয়ে আনা, দেখবেন মুরগি এবং ডিমের দাম এমনিতেই কমে যাবে।",neutral,n/a,n/a,n/a,
জাতীয় ভোক্তা-অধিকার সংরক্ষণ অধিদপ্তর এই খুচরা বিক্রেতা কত দামে বিক্রি করছেন => সে কত দামে কিনলেন সেটা জানুন => কার কাছ থেকে কিনলেন => তার কাছে যান => সে কত দামে কিনলো সেটা জানুন => কার কাছ থেকে কিনলো => তার কাছে যান => সে কত দামে কিনলো => কার কাছ থেকে কিনলো => তার কাছে যান => সে কার কাছ থেকে কিনলো => এভাবে উৎপাদক পর্যন্ত যান।,neutral,n/a,n/a,n/a,
সঠিক মূল্য তালিকা আমরা কোথায় দেখব?,neutral,n/a,n/a,n/a,
আপনাদেরকে সরকারি চাকরি দিয়েছে কে ঘুষ দিয়ে চাকরি করছেন মনে হয় ওদের দিনে ইনকাম দশ হাজার টাকা আপনারা জরিমানা করেন দুই হাজার টাকা।,negative,n/a,n/a,n/a,
"জরিমানার অ্যামাউন্ট বাড়ান, তাহলে শিক্ষা হবে, সাথে জেল।",negative,n/a,n/a,n/a,
"ভোক্তা অধিকার আইন, বেশিকোরে পোচার পোচারনা করতে হবে", neutral, n/a, n/a, n/a,
কিভাবে আবেদন করতে হবে, neutral, low, n/a, n/a,
আমি নিজেই একবার সিলেটে অভিযোগ করি কিন্তু কোনো লাভ হয়নি, negative, low, slow, low,
"মামলা করেও লাভ নাই, উল্টা পরিবার সহ হামলা খেতে হয়", negative, low, n/a, low,
"আপনার ফোন নাম্বারের ব্যবস্থা করেন, অনেকে আছে এগুলো লিখতে পারে না, সমস্যা হয়েছে হটলাইন নাম্বার থেকে যখন তারা ফোন দিয়ে তারা জানাতে পারবে", neutral, low, n/a, n/a,
নম্বর বা কি অ্যাপস, neutral, n/a, n/a, n/a,
"আসসালামু আলাইকুম, নিয়ামতপুর উপজেলায় চাউলের দোকানে চাউল কিনতে গিয়ে দেখি বস্তার গায়ে লেখা ১৯০০ টাকা আর দাম চায় ২১০০, এটা ভোক্তা অধিকারের কাছে দেখার জন্য অনুরোধ করছি", negative, n/a, n/a, n/a,
"আসসালামু আলাইকুম, নিয়ামতপুর উপজেলায় চাউলের দোকানে চাউল কিনতে গিয়ে দেখি বস্তার গায়ে লেখা ১৯০০ টাকা আর দাম চায় ২১০০, এটা ভোক্তা অধিকারের কাছে দেখার জন্য অনুরোধ করছি", negative, n/a, n/a, n/a,
"আসসালামু আলাইকুম, নিয়ামতপুর উপজেলায় চাউলের দোকানে চাউল কিনতে গিয়ে দেখি বস্তার গায়ে লেখা ১৯০০ টাকা আর দাম চায় ২১০০, এটা ভোক্তা অধিকারের কাছে দেখার জন্য অনুরোধ করছি", negative, n/a, n/a, n/a,
"আসসালামু আলাইকুম, নিয়ামতপুর উপজেলায় চাউলের দোকানে চাউল কিনতে গিয়ে দেখি বস্তার গায়ে লেখা ১৯০০ টাকা আর দাম চায় ২১০০, এটা ভোক্তা অধিকারের কাছে দেখার জন্য অনুরোধ করছি", negative, n/a, n/a, n/a,
আমি ভোক্তা অধিদপ্তরকে বাংলাদেশ স্বর্ণ ব্যবসায়ীদের নিয়ে অভিযান পরিচালনার জন্য আপনাদের মাধ্যমে আবেদন করছি, neutral, n/a, n/a, n/a,
অ্যাপস এর নাম কি, neutral, n/a, n/a, n/a,
ভালো উদ্যোগ, positive, n/a, n/a, n/a,
"আমারো অভিযোগ ছিল কিন্তু আমরা ছাত্রছাত্রী, আমরা ভয়ে কেউ ভোক্তা অধিকারে অভিযোগ করতে পারছি না", negative, low, n/a, n/a,
"সোনারগাঁও নারায়ণগঞ্জের রয়্যাল রিসোর্টে আইনগত সম্মতির সুস্পষ্ট লঙ্ঘন, সমস্ত বিভাগে উল্লেখযোগ্যভাবে বেমানান অসঙ্গতি রয়েছে", negative, n/a, n/a, n/a,
তারা তো কোনো ঠিক মতো উত্তর দেয় না, negative, n/a, slow, low,
"ভাই আপনাদের সাথে যোগাযোগ করবো কি করে, নাম্বার দিন আপনাদের", neutral, low, n/a, n/a,
এটা বগুড়া কোন জায়গায় আছে, neutral, n/a, n/a, n/a,
"টঙ্গী চেরাগ আলী বাজারে আসার জন্য অনুরোধ জানাচ্ছি, এখানে প্রত্যেক জিনিসে সিন্ডিকেট, পেয়াজের দাম এখনো ১৮০ টাকা", negative, n/a, n/a, n/a,
এত দিন এটার আশায় ই ছিলাম, positive, n/a, n/a, n/a,
বিশ্ববিদ্যালয়গুলো যায় না কেন, neutral, n/a, n/a, n/a,
অ্যাপ্লিকেশন কোনটি, neutral, n/a, n/a, n/a,
"ঢাকা, সাভার, নবীনগর, সেনা কেনাকাটা কমপ্লেক্সে অভিযান চালানো দরকার", negative, n/a, n/a, n/a,
"এখান থেকে লাল চিনি এনেছি, তা ভিজাইলে পানির রং লালচে হয়ে যায়", negative, n/a, n/a, low,
"যেমনটা দেখেছিলাম, ভোক্তা অধিকারের নকল চিনির ভিডিওতে", neutral, n/a, n/a, n/a,
"সত্যি যদিও হয়, কিন্তু আমরা তো তাদেরকে কিছুই বলতে পারব না", negative, n/a, n/a, n/a,
"অ্যাপ্লিকেশনের নামই বলেননি, বাজে খবর", negative, n/a, n/a, n/a,
ভালো, positive, n/a, n/a, n/a,
"সবই ডিজিটাল দুর্নীতি, ডিজিটাল হরিলুট, ডিজিটাল আইন, ডিজিটাল দিনের ভোট রাতে, আমরা এখন সিঙ্গাপুরে বসবাস করছি, সব হাসুর দোয়ায়", negative, n/a, n/a, n/a,
ভূমি অফিসগুলোতে আপনাদের পদচারণা বাড়ান, negative, n/a, n/a, n/a,
এত দিনে একটা ভালো কাজ করেছেন, positive, n/a, n/a, n/a,
এটা যেন শুধু লোক দেখানো ও উদ্বোধনের মধ্যেই সীমাবদ্ধ না থাকে, negative, n/a, n/a, n/a,
"এর নিয়মিত কার্যকর, আপডেট নিয়ে কাজ করতে দেখতে চাই, ইনশাআল্লাহ", positive, n/a, n/a, n/a,
"কী লাভ ভাই, দারাজ থেকে নষ্ট হওয়া হার্ডডিস্ক কিনলাম, কোনো লাভ হলো না, অভিযোগ করে", negative, n/a, n/a, low,
কিছুই হবে না, negative, n/a, n/a, n/a,
"আমরা যদি সবাই ভেজালের বিরুদ্ধে একসাথে দাঁড়াই, আমাদের বাচ্চারা ভালোভাবে বেড়ে উঠতে পারবে", positive, n/a, n/a, n/a,
চমৎকার, positive, n/a, n/a, n/a,
"অ্যাপ্লিকেশনগুলো বর্তমান সমাধান নয়, যখন খুচরা গ্রাহক বা সাধারণ ভোক্তা অ্যাপ্লিকেশনে অভিযোগ জানায়, যেখানে তাৎক্ষণিক প্রতিক্রিয়া বাধ্যতামূলক", negative, low, n/a, n/a,
অ্যাপ্লিকেশনের নাম কী, neutral, n/a, n/a, n/a,
অ্যাপ্লিকেশনের নাম এই খবরে বলে দিলে কি কোটি টাকা ক্ষতি হয়ে যেত, negative, n/a, n/a, n/a,
"ব্রাহ্মণবাড়িয়া জেলা থানা নবীনগর গ্রাম বিদ্যাকুট এই গ্রামে প্রত্যেকটা দোকানদার যেকোনো পণ্যের গায়ের মূল্য থেকে অনেক বেশি দাম রাখে, বিশেষ করে যেসব এনার্জি পানীয় আছে, আমি একটা এনার্জি পানীয় স্পিড নিয়েছি, গায়ের মূল্য ২৫ টাকা, কিন্তু আমার কাছ থেকে নিয়েছে ৩০ টাকা, এই গ্রামের সব দোকানদার গায়ের মূল্য থেকে অনেক বেশি দাম নিচ্ছে, আর যেসব স্থানীয় রেস্তোরাঁ আছে, ছোটখাটো দোকান, তা খুবই নোংরা, তাই এখন টেলিভিশনকে জোর দাবি জানাচ্ছি, এটা নিয়ে একটা খবর করার দরকার, আর যদি কেউ পারেন আমাকে সাহায্য করেন", negative, n/a, n/a, low,
"যেসব স্থানীয় রেস্তোরাঁ আছে, ছোটখাটো দোকান, তা খুবই নোংরা", negative, n/a, n/a, n/a,
"এখন টেলিভিশনকে জোর দাবি জানাচ্ছি, এটা নিয়ে একটা খবর করার দরকার", negative, n/a, n/a, n/a,
"যদি কেউ পারেন, আমাকে সাহায্য করেন", negative, n/a, n/a, n/a,
"মিরপুর রূপনগর দোয়ারিপাড়া, বাসের ভাড়া ১৮০০, ২০০০ করে রাখছে", negative, n/a, n/a, n/a,
সব জায়গায় ভোক্তারা হয়রানি হয়, negative, n/a, n/a, n/a,
আমার অভিযোগ ট্রাফিক পুলিশের বিরুদ্ধে কীভাবে করব, negative, n/a, n/a, n/a,
"অ্যাপ্লিকেশনটা কোথায় পাব, কোনো তথ্যই দিলেন না", negative, low, n/a, n/a,
"নামই বলেননি, কাজের কাজ কিছুই হলো না, বাজে প্রতিবেদন", negative, n/a, n/a, n/a,
দ্রুত অ্যাপ্লিকেশন চালু করা হোক, positive, n/a, fast, n/a,
অ্যাপ্লিকেশনের নাম কী, neutral, n/a, n/a, n/a,
"অ্যাপ্লিকেশনের নাম তো বলেননি, কী খবর করলেন", negative, n/a, n/a, n/a,
"সঠিক সিদ্ধান্ত নিয়েছে কর্তৃপক্ষ, ধন্যবাদ জানাই", positive, n/a, n/a, n/a,
"আল্লাহ সবাইকে হেদায়েত দান করুন, দেশপ্রেমিকের শিক্ষা নিয়ে দেশ ও দেশের অসহায় গরিব দুঃখী মানুষের কষ্ট বুঝে সেবা করার তৌফিক দান করুন, ভালো লাগে দেশের ভালো কিছু শুনলে, এখন আমাদের ১৫০/২০০ বছরে চিন্তাভাবনা করে ভবিষ্যৎ প্রজন্মের কথা ভেবে সঠিকভাবে বিশ্লেষণ করে সকল উন্নয়নমূলক কাজগুলো আধুনিক শক্তিশালী টেকসই মানের সেবা ও কাজ করতে হবে, কোনো ছয়নয়, বাজেট সময় বাড়ানো, নকশা ভুল করা সহ যত রকম বাহানা চলবে না, সুন্দরভাবে চারপাশে দেখে নকশা করতে হবে, শিক্ষায় শিক্ষিত দেশপ্রেমিক হতে হবে, সকল সেবা মান নিয়ম-কানুন শৃঙ্খলাভাবে করতে হবে, জনগণ সহজে যাতায়াত করতে পারে, গাড়ি, বিমান, বাস, ট্রেন, নৌযান যানজটমুক্তভাবে হয়, কোনো টিকিট কাউন্টার ও বিমানবন্দরে যেন হয়রানি বা ভোগান্তি না হয়, গ্যাস, বিদ্যুৎ, পানি, পানি ব্যবস্থাপনা, সড়ক ৬/৮ লেনের অলিগলি গ্রামীণ রাস্তা ঘাটে মাটির নিচে দিয়ে সকল বৈদ্যুতিন তার ও ড্রেনসহ প্রশস্ত করতে হবে, নিম্নপথ রাস্তা ইউ-টার্ন ব্যবস্থা করতে হবে, কর্মকর্তা ও নেতারা জড়িত হয়ে দখল করা জমি অবৈধভাবে দখল চাঁদাবাজি ফুটপাত মুক্ত করতে হবে, নদী খাল বিল বাঁধ নির্মাণ ও নদী খাল দিয়ে পথচলা পথ ও যাতায়াত ব্যবস্থা করতে হবে, সরকারি হাসপাতালে, অফিস, বিশ্ববিদ্যালয়ের কলেজ, হল, এলাকার খেলার মাঠ, পার্ক ও পর্যটন এলাকা, শিল্প সংস্কৃতি সুন্দরভাবে ভবিষ্যৎ প্রজন্মের কথা ভেবে সঠিকভাবে বিশ্লেষণ করে পরিকল্পনা করে সাজাতে হবে, নির্মাণ করতে হবে, অলিগলি সড়ক নিরাপত্তা ক্যামেরা স্থাপন করা, বাতি লাগাতে, ট্রাফিক যানজট আধুনিক ব্যবস্থার আওতায় আনতে হবে, চারপাশে পরিস্কার করা, ময়লা পোস্টার মুক্ত করতে হবে, মূর্খ নেতারা আর মাথামোটা চেয়ারে বসার জন্য মুখস্থ বিদ্যায় কর্মকর্তারা কত আরাম-আয়েশ করে বাহানা করে মিথ্যা আশ্বাস দিয়ে অনিয়ম-দুর্নীতি করে দেশ ও বিদেশে সম্পদে পাহাড় গড়ে তুলছে, সরকারের কত ক্ষতি করছে, কোনো মায়া নেই দেশের প্রতি, দেশপ্রেমিকের শিক্ষা নেই তাই মায়া নেই, বিশৃঙ্খলা, অনিয়ম-দুর্নীতি, ঘুষ, তেলবাজি, চুরি, স্বজনপ্রীতি, ভেজাল ঔষধ, কাপড়, খাদ্য করলে, পণ্যের দাম বাড়ানো, চোরাচালান, মাদক, নেশা নিয়ে সিন্ডিকেট নিয়ন্ত্রণ করলে, চিকিৎসা সেবা না করলে, সড়ক দুর্ঘটনায় ও শৃঙ্খলা নিয়ম-কানুন না মানলে, শিক্ষা নিয়ে ব্যবসা, রাজনীতি করলে, কঠোর শাস্তি দিতে হবে, জরিমানা, জবাবদিহিতা করতে হবে, নকল ঔষধ, ভেজাল কাপড়, খাবার, অবৈধভাবে দখল, চাঁদাবাজি করা, দেখানো উচ্ছেদ অভিযান দিয়ে পরে আবার ব্যবস্থা করনতুনভাবে গড়ে তুলে তা বন্ধ করতে হবে, বড় পদ, চাকরি, টাকা লুটপাট করার জন্য মুখস্থ বিদ্যা অর্জন করা মন-মানসিকতা পরিবর্তন করতে হবে, একসঙ্গে সকল কাজ করতে হবে যেন বারবার কাজ করতে না হয়, বাজেট টাকা লুটপাট, সময় নষ্ট না হয়, মানুষের কষ্ট ভোগান্তি না হয়, সকল কাজ সঠিকভাবে বিশ্লেষণ করে করতে হবে, কঠোর আইন করে সকল সরকারি, স্বায়ত্তশাসিত, প্রশাসনের, হাসপাতালে, খেলাধুলা কমিটি যেন কোনো অনিয়ম-দুর্নীতি, ঘুষ, তেলবাজি, দেশ ও দলের নাম বিক্রি করে জনগণের কষ্ট, টাকা লুটপাট, অবৈধভাবে দখল, চাঁদাবাজি, যানজট সৃষ্টি করা, ব্যাংক লুটপাট করা, শিক্ষা নিয়ে রাজনীতি, ব্যবসা, চিকিৎসা, খাদ্য, জনগণের সেবা নিয়ে ছয়নয়, উপর থেকে নিচ পর্যন্ত সিন্ডিকেট মাধ্যমে চুরি, মিথ্যা আশ্বাস, বাহানা দিয়ে অনিয়ম-দুর্নীতির স্বজনপ্রীতি করতে না পারে, কেউ যেন হয়রানি, ভোগান্তিতে না ভোগে, তিন দল বিশিষ্ট কমিটি, বদলি, সাময়িক বরখাস্ত না করে সরাসরি তিন প্রজন্ম যেন কোনো চাকরি না পায়, সুন্দরভাবে সাজাতে হবে, যারা নিয়ম-কানুন, শৃঙ্খলা, আইন-কানুন, ময়লা, অর্বজনা, নোংরা, বিশৃঙ্খলা করবে, নিয়ম ভাঙবে, তাদের কঠোর শাস্তি দিতে হবে, যে কেউ হোক, বড় লোক, গরিব, ভিআইপি সহ যে হোক, আইন সবার জন্য সমান, প্রধানমন্ত্রী, রাষ্ট্রপতির ছাড়া, সকল উন্নয়নমূলক কাজগুলো, বড় ছোট কাঠামো, অবকাঠামো কাজগুলো সেনাবাহিনীর প্রকৌশলীদের সাথে পরামর্শ করে বা তাদের দায়িত্ব দিয়ে কাজ করতে হবে, সকল সরকারি, স্বায়ত্তশাসিত, প্রশাসনের, খেলোয়াড়দের, কর্মকর্তা বাধ্যতামূলক সেনাবাহিনীর প্রশিক্ষণ নিতে হবে ৫ মাস আগে, দেশপ্রেমিক শিক্ষা, তারপর দেশের অসহায় গরিব দুঃখী মানুষের কষ্ট বুঝে সেবা কাজ করা, চোখের আড়ালে, গোয়েন্দাদের আড়ালে কত কিছু করে, সকল অপরাধ, অনিয়ম-দুর্নীতি, ঘুষ, চুরি, অপকর্মে তদন্ত র‍্যাব সদস্য দিয়ে করাতে হবে, অন্য কোনো সদস্য দিয়ে নয়, কেননা যারা তদন্ত করে তারাও জড়িত অনিয়ম-দুর্নীতি, ঘুষের সাথে, সব জায়গায় অফিসে সিন্ডিকেট মাধ্যমে অনিয়ম-দুর্নীতি করে নেতা ও কর্মকর্তারা, আমরা নিজের স্বার্থ, সেবা আগে, পরে ছয়নয়ভাবে কাজ, সেবা করা, দেশপ্রেমিক হয়ে সততার সাথে ভবিষ্যৎ প্রজন্মের কথা ভেবে সকল কাজ আধুনিক টেকসই মানের সেবা কাজ করতে হবে",positive,high,n/a,moderate,
শুভকামনা,positive,n/a,n/a,n/a,
"কোথায় যাব, পৃথিবীর যে স্থানে যায় না কেন, বাংলাদেশের মতো এমন দুর্নীতি আর কোথাও নেই",negative,n/a,n/a,n/a,
"অভিযোগ দিয়ে লাভ কী, জনগণও জানে অভিযোগ দিয়েও যা হবে এখন তা হচ্ছে, এর পরিবর্তন করতে হলে, আগে সরকারকে ভালো হতে হবে",negative,low,n/a,n/a,
অ্যাপ্লিকেশনের লিঙ্ক কোথায়,neutral,n/a,n/a,n/a,
ভালো,positive,n/a,n/a,n/a,
"বাবলু মিয়া তো একজন লুচ্চা, এই লুচ্চার কুরুচিপূর্ণ কথার ভিডিও আমরা দেখেছি, এর তো কিছুই হলো না, বিষয়টি কি, দাদারা সব কিছুর উর্ধে মনে হচ্ছে",negative,n/a,slow,n/a,
"আমিও এই সমস্যায় আছি, আমি গত ১, ৫, ২১ তারিখ মেসার্স নূর স্টোর থেকে বনফুল লাচ্ছা সেমাই তিন প্যাকেট কিনেছি, ব্যাগে করে দেয়, বাড়িতে গিয়ে এক প্যাকেট এক কেজি দুধ দিয়ে রান্না করার পরে দেখি সেমাই ২০১৬ মেয়াদ শেষ, দোকানি নতুন করে ২০২১ মেয়াদ করেছে, তিন প্যাকেটে ছিদ্র ছিল, কার্টুন টেপ দিয়ে ছিদ্র বন্ধ করে",negative,n/a,n/a,low,
"ফার্মগেটে অতিরিক্ত মুনাফা আদায় করছে, বৈদ্যুতিন সামগ্রী, কাপড়-চোপড়, ও গহনার দোকানগুলোতে",negative,n/a,n/a,low,
"আমি চার মাস আগে পোশাক কিনেছিলাম, ওটা নষ্ট হয়ে গেছে, কী করা যাবে",negative,n/a,n/a,low,
বিদেশিরা কি এই আবেদন করতে পারবে,neutral,n/a,n/a,n/a,
আবেদনকারীর পরিচয় গোপন রাখা হবে,neutral,n/a,n/a,n/a,
"এক কেজি মিষ্টির বক্স তিনশ গ্রাম, একটা বক্সের দাম সত্তর থেকে আশি টাকা",neutral,n/a,n/a,n/a,
"এক কেজি মিষ্টির বক্স তিনশ গ্রাম, একটা বক্সের দাম সত্তর থেকে আশি টাকা",neutral,n/a,n/a,n/a,
"আমি গত বাইশ তারিখে দুটি শার্ট ফেসবুক পেজ থেকে অর্ডার করি এবং একশ টাকা ডেলিভারি দেই, পরের দিন তেইশ এপ্রিল অন্য নম্বর থেকে ফোন দিয়ে প্রোডাক্টের টাকা দিতে বলে, আমি ছয়শ টাকা প্রোডাক্টের মূল্য দেই, তারপর তারা বলে ছয়শ টাকা হবে না ছয়শ দশ টাকা দিতে হবে ক্যাশ আউট চার্জসহ, আবার নতুন করে ছয়শ দশ টাকা দিতে বলে এবং প্রোডাক্টসহ ছয়শ টাকা ফেরত দেওয়ার কথা বলে, আমি ছয়শ দশ টাকা দেই, তারা আমাকে তিন সংখ্যার একটি ওটিপি দেয় যা ছয় সংখ্যার হওয়ার কথা ছিল, এই ওটিপি দিলে প্রোডাক্ট পাঠানো হবে বলে, তারা বলে ছয় সংখ্যার ওটিপির জন্য আবার বারোশ বিশ টাকা দিতে হবে এবং প্রোডাক্টসহ আঠারোশ ত্রিশ টাকা ফেরত দেওয়া হবে, আমি ধার করে বারোশ বিশ টাকা দেই, তারপর আর কোনো ওটিপি আসেনি, ফোন দিলে তারা ফোন কেটে দেয়, দুই দিন পর ছাব্বিশ তারিখে ফোন দিলে বলে ওটিপি নিয়ে আসলে প্রোডাক্ট পাঠানো হবে, আমি প্রোডাক্ট বাতিল করে টাকা ফেরত চাইলে বলে বাতিল করতে চারশ নিরানব্বই টাকা দিতে হবে, ফোন দিলে আর ধরে না, বিভিন্ন কারণ দেখায়, আমি ছাত্র মানুষ নিজে উপার্জন করে চলি, অনেক টাকা আমার মেরে দিয়েছে, সাহায্য চাই",negative,low,slow,low,
"ভাইয়া এখন কি এই আবেদন ঢাকার বাইরে থেকে করা যাবে, দয়া করে তাড়াতাড়ি জানান খুব জরুরি",neutral,low,n/a,n/a,
ঢাকার বাইরে কি এখন চালু হয়েছে,neutral,low,n/a,n/a,
দেশের বাইরে থেকে কি অভিযোগ করা যাবে,neutral,low,n/a,n/a,
ভাই অভিযোগ করার পর টাকা ফেরত পেলে অভিযোগ বাতিল করার কোনো উপায় আছে,neutral,low,n/a,n/a,
"আমাদের স্বভাব চরিত্র এতো ভালো না যে প্রশাসনের লোকজন ভালোভাবে কথা বললে আমরা ভালোভাবে নেব, আমার চোখে দেখা প্রথম র‍্যাব যখন আসলো সকলে এতোটাই ভয় পেতো, কাপড় নষ্ট হয়ে যাওয়ার অবস্থা, আর এখন সেই অবস্থা নেই, উন্নত বিশ্বের ছয়-সাতটি দেশের প্রশাসন বা আইন বা আইনের শাসন ও পুলিশ দেখেছি, পাবলিক যমের মতো ভয় পায়, অন্যায় করলে কোনো অবস্থাতেই ছাড় নেই, আমরা ভোক্তারা ধরেন পুরো শেষ, এরপরও সকল প্রকার ব্যবসায়ীদের সঠিক করতে না পারলে সেনাবাহিনীর হাতে দায়িত্ব তুলে দিন, ইনশাআল্লাহ ঠিক করে দেবে",negative,low,slow,n/a,
"দারাজের প্রতারণার বিরুদ্ধে কীভাবে মামলা করবো, ঢাকার বাইরে",neutral,low,n/a,n/a,
আপনাকে অসংখ্য ধন্যবাদ,positive,n/a,n/a,n/a,
"অভিযোগ করার পর কি বাতিল করা যাবে, দয়া করে জানাবেন",neutral,low,n/a,n/a,
আমি উত্তর খান ঢাকা থেকে,neutral,n/a,n/a,n/a,
"আসসালামুয়ালাইকুম ভাই আমি ডেসকো বিদ্যুৎ অফিসের সাথে ভুক্তভোগী, আমার বিদ্যুৎ বিল আগে আসতো কম পরিমাণ, এখন তার চেয়ে তিন গুণ বেশি আসছে, উনারা বলে আমি যেমন খরচ করেছি, কিন্তু আমি ওনাদের হয়রানির শিকার",negative,low,n/a,low,
ট্রাক্টর কোম্পানির বিরুদ্ধে অভিযোগ করতে চাই,negative,low,n/a,n/a,
আমি মোবাইল কিনতে গিয়ে অনলাইনে প্রতারণার শিকার হয়েছি,negative,low,n/a,low,
কোনো ঘটনা ঘটার পাঁচ বা ছয় মাস পরে ভোক্তা অধিদপ্তরে মোবাইল অপারেটরের বিরুদ্ধে অভিযোগ করা যাবে,neutral,low,n/a,n/a,
"ঢাকার বাইরে সেবাটা চালু হয়নি, সেটা আগে বললেই পারতেন, অযথা সময় নষ্ট",negative,low,slow,n/a,
"ভাইয়া ফেসবুক পেজ থেকে কিছু নিলে তার জন্য কী করা যায়, আমার কাছে ফোন নম্বর আছে, বিকাশ নম্বরও আছে, আমি এখন কী করতে পারি, দয়া করে বলুন, আমি ঢাকায় থাকি, আমার সাথে বরিশাল থেকে প্রতারণা করেছে, আমার আবেদন কি করা যাবে",negative,low,n/a,low,
"অনলাইনে একটি ফেসবুক আইডি থেকে কেনাকাটার জন্য অর্ডার করেছিলাম, অগ্রিম টাকা নিয়েছে কিন্তু এখন ওই আইডি এবং যে নগদ নম্বরে টাকা দিয়েছিলাম দুটোই বন্ধ, এখন আমি কি এটার জন্য ভোক্তা অধিকার পরিষদে অভিযোগ করলে কোনো উপকার পাবো, যে নগদ নম্বরটা ওনারা দিয়েছিলো টাকা নেওয়ার জন্য, ওই নম্বরটা ট্রুকলারে সার্চ করলে লক্ষ্মীপুর, রামগঞ্জ ঠিকানা দেখাচ্ছে",negative,low,slow,low,
"আমি অভিযোগ করবো আজকে আর অভিযান করবে দুই মাস পরে, কী কাহিনি",negative,low,slow,n/a,
ধন্যবাদ,positive,n/a,n/a,n/a,
"আবেদন তো করলাম, দেখি কী হয়",neutral,low,n/a,n/a,
ধন্যবাদ,positive,n/a,n/a,n/a,
ঢাকা জেলার বাইরে কি এখন চালু হয়েছে,neutral,low,n/a,n/a,
"ভাই ব্রাহ্মণবাড়িয়া জেলা থানা নবীনগর গ্রাম বিদ্যাকুট বাজারে মার্কেট অথবা ছোটখাটো যেসব দোকান আছে, সব দোকানে প্রত্যেকটা পণ্যের দাম বেশি নিচ্ছে, যেমন এনার্জি পানীয় স্পিড গায়ের মূল্য পঁচিশ টাকা, তারা নিচ্ছে ত্রিশ টাকা করে, মোটকথা প্রত্যেকটা জিনিসের দাম গায়ের মূল্য থেকে বেশি নিচ্ছে, আমি আজকে এনার্জি পানীয় স্পিড গায়ের মূল্য দেখছি পঁচিশ টাকা, কিন্তু আমার কাছ থেকে নিচ্ছে ত্রিশ টাকা করে, এখন কী করতে পারি, আপনি কি আমাকে সাহায্য করতে পারবেন",negative,n/a,n/a,low,
ধন্যবাদ,positive,n/a,n/a,n/a,
আরেকটি,neutral,n/a,n/a,n/a,
ভালো,positive,n/a,n/a,n/a,
ঠিক আছে,positive,n/a,n/a,n/a,
হ্যাঁ,positive,n/a,n/a,n/a,
"আপনি ভিডিওতে বলছেন যে ঢাকার বাইরে কেউ আবেদন করতে পারবে না, তাহলে আমাদের ফেনী সোনাগাজীতে ভোক্তা অধিদপ্তরের কোনো সহযোগিতা পাব না, বিশেষ করে আমাদের এদিকে সেবাটা চালু আছে কিনা, যদি বলেন খুশি হব",negative,low,n/a,n/a,
"ভাই আমাদের এদিকে এক টাকা দুই টাকা পয়সা নিতে চায় না, অভিযোগ করবো কীভাবে",negative,low,n/a,n/a,
অনেক ধন্যবাদ,positive,n/a,n/a,n/a,
ভাইয়া আমি কিছু বলতে চাই,neutral,n/a,n/a,n/a,
"অনলাইনে কিনেছি, ফেসবুক মার্কেটপ্লেস থেকে, কী করা যায়, আমাকে সাহায্য করুন",negative,low,n/a,low,
খুব কাজের,positive,n/a,n/a,n/a,
"সব জায়গায় মাছ ও কাঁচা বাজারে ক্রয়মূল্য বিক্রয়মূল্য বোর্ডে লেখা থাকে, কিন্তু নেত্রকোনার জয়ের বাজারে সবজি অথবা মাছের বাজারে এরকম কোনো মূল্য লেখা নেই, যে যেভাবে ইচ্ছা দাম চাচ্ছে, সমন্বয়কারী ভোক্তা অধিকার ভাইদের বিষয়টি জরুরি দেখার অনুরোধ",negative,n/a,n/a,low,
কাজ হয় না,negative,low,n/a,n/a,
"আরব দেশসহ বিদেশের বিভিন্ন দেশে যেকোনো অভিযোগের জন্য নম্বর সরাসরি সাধারণ মানুষ অভিযোগ করতে পারে, সেইভাবে নম্বর দেওয়া হয়ে থাকে, আমাদের বাংলাদেশে নিয়ম অন্যরকম, সাধারণ মানুষ সহজে জানতে পারেন, আমাদের দরকার সরাসরি নম্বর, যেমন নয় নয় নয় নম্বরের মতো, আরব দেশে তো একেবারে সহজ, অভিযোগ করতে ধরুন পাঁচ থেকে দশ মিনিটের মধ্যে যে কোথা থেকে চলে আসে, একজন মানুষও টের পাবে না, আরব দেশে যারা আছেন এবং আগে যারা ছিলেন তারা আমার থেকে ভালো জানেন, আমাদের দেশে তো অভিযোগ করতে আর ঘণ্টার কাছে আসতে আসতে অপরাধী, অনিয়ম, দুর্নীতিকারী মানুষগুলো ততক্ষণে ভারত বা সিঙ্গাপুরে চলে যাবে",negative,low,slow,n/a,
অ্যাপ্লিকেশনের নাম কী,neutral,n/a,n/a,n/a,
অ্যাপ্লিকেশনের নাম কে বলবে,negative,n/a,n/a,n/a,
অ্যাপ্লিকেশনের নাম কী,neutral,n/a,n/a,n/a,
"মুখ দিয়ে গালি বের হচ্ছিল, সংযমের মাস তো বললাম না, তোরা এগুলো খবর কেন দিস, এই অ্যাপ্লিকেশনটি লাইছিস, এই অ্যাপ্লিকেশনের নাম না বলে খবর দিস",negative,low,n/a,n/a,
"কী হবে অভিযোগ করে, আজ আপনি অভিযোগ করবেন তো, কালই আপনার পরিচয় অপরাধীর কাছে বলে দেবে, ফলস্বরূপ আপনাকে বিড়ম্বনায় পড়তে হবে",negative,low,n/a,n/a,
লিঙ্কটা দিন দয়া করে,neutral,n/a,n/a,n/a,
ধন্যবাদ স্যার,positive,n/a,n/a,n/a,
অ্যাপ্লিকেশনের নাম না দিয়ে অযথা কথা বলে লাভ কী,negative,n/a,n/a,n/a,
অ্যাপ্লিকেশনের নাম কী,neutral,n/a,n/a,n/a,
অ্যাপ্লিকেশনের লিঙ্ক দিন দয়া করে,neutral,n/a,n/a,n/a,
আমি অভিযোগ করতে চাই,neutral,low,n/a,n/a,
ধন্যবাদ ভোক্তা অধিদপ্তরকে,positive,n/a,n/a,n/a,
ধন্যবাদ,positive,n/a,n/a,n/a,
এগিয়ে যান,positive,n/a,n/a,n/a,
ধন্যবাদ ভোক্তা অধিদপ্তরকে,positive,n/a,n/a,n/a,
অ্যাপ্লিকেশনের লিঙ্ক দিন দয়া করে,neutral,n/a,n/a,n/a,
